[
{
  "model": "wagtailcore.site",
  "pk": 2,
  "fields": {
    "hostname": "localhost",
    "port": 80,
    "site_name": null,
    "root_page": 3,
    "is_default_site": true
  }
},
{
  "model": "wagtailcore.collection",
  "pk": 1,
  "fields": {
    "path": "0001",
    "depth": 1,
    "numchild": 0,
    "name": "Root"
  }
},
{
  "model": "contenttypes.contenttype",
  "pk": 1,
  "fields": {
    "app_label": "wagtailcore",
    "model": "page"
  }
},
{
  "model": "contenttypes.contenttype",
  "pk": 2,
  "fields": {
    "app_label": "wagtailimages",
    "model": "image"
  }
},
{
  "model": "contenttypes.contenttype",
  "pk": 3,
  "fields": {
    "app_label": "pages",
    "model": "staticpage"
  }
},
{
  "model": "contenttypes.contenttype",
  "pk": 4,
  "fields": {
    "app_label": "wagtailadmin",
    "model": "admin"
  }
},
{
  "model": "contenttypes.contenttype",
  "pk": 5,
  "fields": {
    "app_label": "wagtaildocs",
    "model": "document"
  }
},
{
  "model": "contenttypes.contenttype",
  "pk": 6,
  "fields": {
    "app_label": "admin",
    "model": "logentry"
  }
},
{
  "model": "contenttypes.contenttype",
  "pk": 7,
  "fields": {
    "app_label": "auth",
    "model": "permission"
  }
},
{
  "model": "contenttypes.contenttype",
  "pk": 8,
  "fields": {
    "app_label": "auth",
    "model": "group"
  }
},
{
  "model": "contenttypes.contenttype",
  "pk": 9,
  "fields": {
    "app_label": "contenttypes",
    "model": "contenttype"
  }
},
{
  "model": "contenttypes.contenttype",
  "pk": 10,
  "fields": {
    "app_label": "sessions",
    "model": "session"
  }
},
{
  "model": "contenttypes.contenttype",
  "pk": 11,
  "fields": {
    "app_label": "wagtailforms",
    "model": "formsubmission"
  }
},
{
  "model": "contenttypes.contenttype",
  "pk": 12,
  "fields": {
    "app_label": "wagtailredirects",
    "model": "redirect"
  }
},
{
  "model": "contenttypes.contenttype",
  "pk": 13,
  "fields": {
    "app_label": "wagtailembeds",
    "model": "embed"
  }
},
{
  "model": "contenttypes.contenttype",
  "pk": 14,
  "fields": {
    "app_label": "wagtailusers",
    "model": "userprofile"
  }
},
{
  "model": "contenttypes.contenttype",
  "pk": 15,
  "fields": {
    "app_label": "wagtailimages",
    "model": "rendition"
  }
},
{
  "model": "contenttypes.contenttype",
  "pk": 16,
  "fields": {
    "app_label": "wagtailcore",
    "model": "grouppagepermission"
  }
},
{
  "model": "contenttypes.contenttype",
  "pk": 17,
  "fields": {
    "app_label": "wagtailcore",
    "model": "pagerevision"
  }
},
{
  "model": "contenttypes.contenttype",
  "pk": 18,
  "fields": {
    "app_label": "wagtailcore",
    "model": "pageviewrestriction"
  }
},
{
  "model": "contenttypes.contenttype",
  "pk": 19,
  "fields": {
    "app_label": "wagtailcore",
    "model": "site"
  }
},
{
  "model": "contenttypes.contenttype",
  "pk": 20,
  "fields": {
    "app_label": "wagtailcore",
    "model": "collection"
  }
},
{
  "model": "contenttypes.contenttype",
  "pk": 21,
  "fields": {
    "app_label": "wagtailcore",
    "model": "groupcollectionpermission"
  }
},
{
  "model": "contenttypes.contenttype",
  "pk": 22,
  "fields": {
    "app_label": "wagtailcore",
    "model": "collectionviewrestriction"
  }
},
{
  "model": "contenttypes.contenttype",
  "pk": 23,
  "fields": {
    "app_label": "taggit",
    "model": "tag"
  }
},
{
  "model": "contenttypes.contenttype",
  "pk": 24,
  "fields": {
    "app_label": "taggit",
    "model": "taggeditem"
  }
},
{
  "model": "contenttypes.contenttype",
  "pk": 25,
  "fields": {
    "app_label": "common",
    "model": "user"
  }
},
{
  "model": "contenttypes.contenttype",
  "pk": 26,
  "fields": {
    "app_label": "blog",
    "model": "postindex"
  }
},
{
  "model": "contenttypes.contenttype",
  "pk": 27,
  "fields": {
    "app_label": "blog",
    "model": "post"
  }
},
{
  "model": "contenttypes.contenttype",
  "pk": 28,
  "fields": {
    "app_label": "agenda",
    "model": "speakerindex"
  }
},
{
  "model": "contenttypes.contenttype",
  "pk": 29,
  "fields": {
    "app_label": "agenda",
    "model": "category"
  }
},
{
  "model": "contenttypes.contenttype",
  "pk": 30,
  "fields": {
    "app_label": "agenda",
    "model": "speaker"
  }
},
{
  "model": "contenttypes.contenttype",
  "pk": 31,
  "fields": {
    "app_label": "agenda",
    "model": "event"
  }
},
{
  "model": "contenttypes.contenttype",
  "pk": 32,
  "fields": {
    "app_label": "agenda",
    "model": "editionindex"
  }
},
{
  "model": "contenttypes.contenttype",
  "pk": 33,
  "fields": {
    "app_label": "agenda",
    "model": "edition"
  }
},
{
  "model": "contenttypes.contenttype",
  "pk": 34,
  "fields": {
    "app_label": "agenda",
    "model": "categoryindex"
  }
},
{
  "model": "contenttypes.contenttype",
  "pk": 35,
  "fields": {
    "app_label": "agenda",
    "model": "eventindex"
  }
},
{
  "model": "auth.permission",
  "pk": 1,
  "fields": {
    "name": "Can add image",
    "content_type": 2,
    "codename": "add_image"
  }
},
{
  "model": "auth.permission",
  "pk": 2,
  "fields": {
    "name": "Can change image",
    "content_type": 2,
    "codename": "change_image"
  }
},
{
  "model": "auth.permission",
  "pk": 3,
  "fields": {
    "name": "Can delete image",
    "content_type": 2,
    "codename": "delete_image"
  }
},
{
  "model": "auth.permission",
  "pk": 4,
  "fields": {
    "name": "Can access Wagtail admin",
    "content_type": 4,
    "codename": "access_admin"
  }
},
{
  "model": "auth.permission",
  "pk": 5,
  "fields": {
    "name": "Can add document",
    "content_type": 5,
    "codename": "add_document"
  }
},
{
  "model": "auth.permission",
  "pk": 6,
  "fields": {
    "name": "Can change document",
    "content_type": 5,
    "codename": "change_document"
  }
},
{
  "model": "auth.permission",
  "pk": 7,
  "fields": {
    "name": "Can delete document",
    "content_type": 5,
    "codename": "delete_document"
  }
},
{
  "model": "auth.permission",
  "pk": 8,
  "fields": {
    "name": "Can add log entry",
    "content_type": 6,
    "codename": "add_logentry"
  }
},
{
  "model": "auth.permission",
  "pk": 9,
  "fields": {
    "name": "Can change log entry",
    "content_type": 6,
    "codename": "change_logentry"
  }
},
{
  "model": "auth.permission",
  "pk": 10,
  "fields": {
    "name": "Can delete log entry",
    "content_type": 6,
    "codename": "delete_logentry"
  }
},
{
  "model": "auth.permission",
  "pk": 11,
  "fields": {
    "name": "Can view log entry",
    "content_type": 6,
    "codename": "view_logentry"
  }
},
{
  "model": "auth.permission",
  "pk": 12,
  "fields": {
    "name": "Can add permission",
    "content_type": 7,
    "codename": "add_permission"
  }
},
{
  "model": "auth.permission",
  "pk": 13,
  "fields": {
    "name": "Can change permission",
    "content_type": 7,
    "codename": "change_permission"
  }
},
{
  "model": "auth.permission",
  "pk": 14,
  "fields": {
    "name": "Can delete permission",
    "content_type": 7,
    "codename": "delete_permission"
  }
},
{
  "model": "auth.permission",
  "pk": 15,
  "fields": {
    "name": "Can view permission",
    "content_type": 7,
    "codename": "view_permission"
  }
},
{
  "model": "auth.permission",
  "pk": 16,
  "fields": {
    "name": "Can add group",
    "content_type": 8,
    "codename": "add_group"
  }
},
{
  "model": "auth.permission",
  "pk": 17,
  "fields": {
    "name": "Can change group",
    "content_type": 8,
    "codename": "change_group"
  }
},
{
  "model": "auth.permission",
  "pk": 18,
  "fields": {
    "name": "Can delete group",
    "content_type": 8,
    "codename": "delete_group"
  }
},
{
  "model": "auth.permission",
  "pk": 19,
  "fields": {
    "name": "Can view group",
    "content_type": 8,
    "codename": "view_group"
  }
},
{
  "model": "auth.permission",
  "pk": 20,
  "fields": {
    "name": "Can add content type",
    "content_type": 9,
    "codename": "add_contenttype"
  }
},
{
  "model": "auth.permission",
  "pk": 21,
  "fields": {
    "name": "Can change content type",
    "content_type": 9,
    "codename": "change_contenttype"
  }
},
{
  "model": "auth.permission",
  "pk": 22,
  "fields": {
    "name": "Can delete content type",
    "content_type": 9,
    "codename": "delete_contenttype"
  }
},
{
  "model": "auth.permission",
  "pk": 23,
  "fields": {
    "name": "Can view content type",
    "content_type": 9,
    "codename": "view_contenttype"
  }
},
{
  "model": "auth.permission",
  "pk": 24,
  "fields": {
    "name": "Can add session",
    "content_type": 10,
    "codename": "add_session"
  }
},
{
  "model": "auth.permission",
  "pk": 25,
  "fields": {
    "name": "Can change session",
    "content_type": 10,
    "codename": "change_session"
  }
},
{
  "model": "auth.permission",
  "pk": 26,
  "fields": {
    "name": "Can delete session",
    "content_type": 10,
    "codename": "delete_session"
  }
},
{
  "model": "auth.permission",
  "pk": 27,
  "fields": {
    "name": "Can view session",
    "content_type": 10,
    "codename": "view_session"
  }
},
{
  "model": "auth.permission",
  "pk": 28,
  "fields": {
    "name": "Can add form submission",
    "content_type": 11,
    "codename": "add_formsubmission"
  }
},
{
  "model": "auth.permission",
  "pk": 29,
  "fields": {
    "name": "Can change form submission",
    "content_type": 11,
    "codename": "change_formsubmission"
  }
},
{
  "model": "auth.permission",
  "pk": 30,
  "fields": {
    "name": "Can delete form submission",
    "content_type": 11,
    "codename": "delete_formsubmission"
  }
},
{
  "model": "auth.permission",
  "pk": 31,
  "fields": {
    "name": "Can view form submission",
    "content_type": 11,
    "codename": "view_formsubmission"
  }
},
{
  "model": "auth.permission",
  "pk": 32,
  "fields": {
    "name": "Can add redirect",
    "content_type": 12,
    "codename": "add_redirect"
  }
},
{
  "model": "auth.permission",
  "pk": 33,
  "fields": {
    "name": "Can change redirect",
    "content_type": 12,
    "codename": "change_redirect"
  }
},
{
  "model": "auth.permission",
  "pk": 34,
  "fields": {
    "name": "Can delete redirect",
    "content_type": 12,
    "codename": "delete_redirect"
  }
},
{
  "model": "auth.permission",
  "pk": 35,
  "fields": {
    "name": "Can view redirect",
    "content_type": 12,
    "codename": "view_redirect"
  }
},
{
  "model": "auth.permission",
  "pk": 36,
  "fields": {
    "name": "Can add embed",
    "content_type": 13,
    "codename": "add_embed"
  }
},
{
  "model": "auth.permission",
  "pk": 37,
  "fields": {
    "name": "Can change embed",
    "content_type": 13,
    "codename": "change_embed"
  }
},
{
  "model": "auth.permission",
  "pk": 38,
  "fields": {
    "name": "Can delete embed",
    "content_type": 13,
    "codename": "delete_embed"
  }
},
{
  "model": "auth.permission",
  "pk": 39,
  "fields": {
    "name": "Can view embed",
    "content_type": 13,
    "codename": "view_embed"
  }
},
{
  "model": "auth.permission",
  "pk": 40,
  "fields": {
    "name": "Can add user profile",
    "content_type": 14,
    "codename": "add_userprofile"
  }
},
{
  "model": "auth.permission",
  "pk": 41,
  "fields": {
    "name": "Can change user profile",
    "content_type": 14,
    "codename": "change_userprofile"
  }
},
{
  "model": "auth.permission",
  "pk": 42,
  "fields": {
    "name": "Can delete user profile",
    "content_type": 14,
    "codename": "delete_userprofile"
  }
},
{
  "model": "auth.permission",
  "pk": 43,
  "fields": {
    "name": "Can view user profile",
    "content_type": 14,
    "codename": "view_userprofile"
  }
},
{
  "model": "auth.permission",
  "pk": 44,
  "fields": {
    "name": "Can view document",
    "content_type": 5,
    "codename": "view_document"
  }
},
{
  "model": "auth.permission",
  "pk": 45,
  "fields": {
    "name": "Can view image",
    "content_type": 2,
    "codename": "view_image"
  }
},
{
  "model": "auth.permission",
  "pk": 46,
  "fields": {
    "name": "Can add rendition",
    "content_type": 15,
    "codename": "add_rendition"
  }
},
{
  "model": "auth.permission",
  "pk": 47,
  "fields": {
    "name": "Can change rendition",
    "content_type": 15,
    "codename": "change_rendition"
  }
},
{
  "model": "auth.permission",
  "pk": 48,
  "fields": {
    "name": "Can delete rendition",
    "content_type": 15,
    "codename": "delete_rendition"
  }
},
{
  "model": "auth.permission",
  "pk": 49,
  "fields": {
    "name": "Can view rendition",
    "content_type": 15,
    "codename": "view_rendition"
  }
},
{
  "model": "auth.permission",
  "pk": 50,
  "fields": {
    "name": "Can add page",
    "content_type": 1,
    "codename": "add_page"
  }
},
{
  "model": "auth.permission",
  "pk": 51,
  "fields": {
    "name": "Can change page",
    "content_type": 1,
    "codename": "change_page"
  }
},
{
  "model": "auth.permission",
  "pk": 52,
  "fields": {
    "name": "Can delete page",
    "content_type": 1,
    "codename": "delete_page"
  }
},
{
  "model": "auth.permission",
  "pk": 53,
  "fields": {
    "name": "Can view page",
    "content_type": 1,
    "codename": "view_page"
  }
},
{
  "model": "auth.permission",
  "pk": 54,
  "fields": {
    "name": "Can add group page permission",
    "content_type": 16,
    "codename": "add_grouppagepermission"
  }
},
{
  "model": "auth.permission",
  "pk": 55,
  "fields": {
    "name": "Can change group page permission",
    "content_type": 16,
    "codename": "change_grouppagepermission"
  }
},
{
  "model": "auth.permission",
  "pk": 56,
  "fields": {
    "name": "Can delete group page permission",
    "content_type": 16,
    "codename": "delete_grouppagepermission"
  }
},
{
  "model": "auth.permission",
  "pk": 57,
  "fields": {
    "name": "Can view group page permission",
    "content_type": 16,
    "codename": "view_grouppagepermission"
  }
},
{
  "model": "auth.permission",
  "pk": 58,
  "fields": {
    "name": "Can add page revision",
    "content_type": 17,
    "codename": "add_pagerevision"
  }
},
{
  "model": "auth.permission",
  "pk": 59,
  "fields": {
    "name": "Can change page revision",
    "content_type": 17,
    "codename": "change_pagerevision"
  }
},
{
  "model": "auth.permission",
  "pk": 60,
  "fields": {
    "name": "Can delete page revision",
    "content_type": 17,
    "codename": "delete_pagerevision"
  }
},
{
  "model": "auth.permission",
  "pk": 61,
  "fields": {
    "name": "Can view page revision",
    "content_type": 17,
    "codename": "view_pagerevision"
  }
},
{
  "model": "auth.permission",
  "pk": 62,
  "fields": {
    "name": "Can add page view restriction",
    "content_type": 18,
    "codename": "add_pageviewrestriction"
  }
},
{
  "model": "auth.permission",
  "pk": 63,
  "fields": {
    "name": "Can change page view restriction",
    "content_type": 18,
    "codename": "change_pageviewrestriction"
  }
},
{
  "model": "auth.permission",
  "pk": 64,
  "fields": {
    "name": "Can delete page view restriction",
    "content_type": 18,
    "codename": "delete_pageviewrestriction"
  }
},
{
  "model": "auth.permission",
  "pk": 65,
  "fields": {
    "name": "Can view page view restriction",
    "content_type": 18,
    "codename": "view_pageviewrestriction"
  }
},
{
  "model": "auth.permission",
  "pk": 66,
  "fields": {
    "name": "Can add site",
    "content_type": 19,
    "codename": "add_site"
  }
},
{
  "model": "auth.permission",
  "pk": 67,
  "fields": {
    "name": "Can change site",
    "content_type": 19,
    "codename": "change_site"
  }
},
{
  "model": "auth.permission",
  "pk": 68,
  "fields": {
    "name": "Can delete site",
    "content_type": 19,
    "codename": "delete_site"
  }
},
{
  "model": "auth.permission",
  "pk": 69,
  "fields": {
    "name": "Can view site",
    "content_type": 19,
    "codename": "view_site"
  }
},
{
  "model": "auth.permission",
  "pk": 70,
  "fields": {
    "name": "Can add collection",
    "content_type": 20,
    "codename": "add_collection"
  }
},
{
  "model": "auth.permission",
  "pk": 71,
  "fields": {
    "name": "Can change collection",
    "content_type": 20,
    "codename": "change_collection"
  }
},
{
  "model": "auth.permission",
  "pk": 72,
  "fields": {
    "name": "Can delete collection",
    "content_type": 20,
    "codename": "delete_collection"
  }
},
{
  "model": "auth.permission",
  "pk": 73,
  "fields": {
    "name": "Can view collection",
    "content_type": 20,
    "codename": "view_collection"
  }
},
{
  "model": "auth.permission",
  "pk": 74,
  "fields": {
    "name": "Can add group collection permission",
    "content_type": 21,
    "codename": "add_groupcollectionpermission"
  }
},
{
  "model": "auth.permission",
  "pk": 75,
  "fields": {
    "name": "Can change group collection permission",
    "content_type": 21,
    "codename": "change_groupcollectionpermission"
  }
},
{
  "model": "auth.permission",
  "pk": 76,
  "fields": {
    "name": "Can delete group collection permission",
    "content_type": 21,
    "codename": "delete_groupcollectionpermission"
  }
},
{
  "model": "auth.permission",
  "pk": 77,
  "fields": {
    "name": "Can view group collection permission",
    "content_type": 21,
    "codename": "view_groupcollectionpermission"
  }
},
{
  "model": "auth.permission",
  "pk": 78,
  "fields": {
    "name": "Can add collection view restriction",
    "content_type": 22,
    "codename": "add_collectionviewrestriction"
  }
},
{
  "model": "auth.permission",
  "pk": 79,
  "fields": {
    "name": "Can change collection view restriction",
    "content_type": 22,
    "codename": "change_collectionviewrestriction"
  }
},
{
  "model": "auth.permission",
  "pk": 80,
  "fields": {
    "name": "Can delete collection view restriction",
    "content_type": 22,
    "codename": "delete_collectionviewrestriction"
  }
},
{
  "model": "auth.permission",
  "pk": 81,
  "fields": {
    "name": "Can view collection view restriction",
    "content_type": 22,
    "codename": "view_collectionviewrestriction"
  }
},
{
  "model": "auth.permission",
  "pk": 82,
  "fields": {
    "name": "Can add Tag",
    "content_type": 23,
    "codename": "add_tag"
  }
},
{
  "model": "auth.permission",
  "pk": 83,
  "fields": {
    "name": "Can change Tag",
    "content_type": 23,
    "codename": "change_tag"
  }
},
{
  "model": "auth.permission",
  "pk": 84,
  "fields": {
    "name": "Can delete Tag",
    "content_type": 23,
    "codename": "delete_tag"
  }
},
{
  "model": "auth.permission",
  "pk": 85,
  "fields": {
    "name": "Can view Tag",
    "content_type": 23,
    "codename": "view_tag"
  }
},
{
  "model": "auth.permission",
  "pk": 86,
  "fields": {
    "name": "Can add Tagged Item",
    "content_type": 24,
    "codename": "add_taggeditem"
  }
},
{
  "model": "auth.permission",
  "pk": 87,
  "fields": {
    "name": "Can change Tagged Item",
    "content_type": 24,
    "codename": "change_taggeditem"
  }
},
{
  "model": "auth.permission",
  "pk": 88,
  "fields": {
    "name": "Can delete Tagged Item",
    "content_type": 24,
    "codename": "delete_taggeditem"
  }
},
{
  "model": "auth.permission",
  "pk": 89,
  "fields": {
    "name": "Can view Tagged Item",
    "content_type": 24,
    "codename": "view_taggeditem"
  }
},
{
  "model": "auth.permission",
  "pk": 90,
  "fields": {
    "name": "Can add user",
    "content_type": 25,
    "codename": "add_user"
  }
},
{
  "model": "auth.permission",
  "pk": 91,
  "fields": {
    "name": "Can change user",
    "content_type": 25,
    "codename": "change_user"
  }
},
{
  "model": "auth.permission",
  "pk": 92,
  "fields": {
    "name": "Can delete user",
    "content_type": 25,
    "codename": "delete_user"
  }
},
{
  "model": "auth.permission",
  "pk": 93,
  "fields": {
    "name": "Can view user",
    "content_type": 25,
    "codename": "view_user"
  }
},
{
  "model": "auth.permission",
  "pk": 94,
  "fields": {
    "name": "Can add post index",
    "content_type": 26,
    "codename": "add_postindex"
  }
},
{
  "model": "auth.permission",
  "pk": 95,
  "fields": {
    "name": "Can change post index",
    "content_type": 26,
    "codename": "change_postindex"
  }
},
{
  "model": "auth.permission",
  "pk": 96,
  "fields": {
    "name": "Can delete post index",
    "content_type": 26,
    "codename": "delete_postindex"
  }
},
{
  "model": "auth.permission",
  "pk": 97,
  "fields": {
    "name": "Can view post index",
    "content_type": 26,
    "codename": "view_postindex"
  }
},
{
  "model": "auth.permission",
  "pk": 98,
  "fields": {
    "name": "Can add post",
    "content_type": 27,
    "codename": "add_post"
  }
},
{
  "model": "auth.permission",
  "pk": 99,
  "fields": {
    "name": "Can change post",
    "content_type": 27,
    "codename": "change_post"
  }
},
{
  "model": "auth.permission",
  "pk": 100,
  "fields": {
    "name": "Can delete post",
    "content_type": 27,
    "codename": "delete_post"
  }
},
{
  "model": "auth.permission",
  "pk": 101,
  "fields": {
    "name": "Can view post",
    "content_type": 27,
    "codename": "view_post"
  }
},
{
  "model": "auth.permission",
  "pk": 102,
  "fields": {
    "name": "Can add speaker index",
    "content_type": 28,
    "codename": "add_speakerindex"
  }
},
{
  "model": "auth.permission",
  "pk": 103,
  "fields": {
    "name": "Can change speaker index",
    "content_type": 28,
    "codename": "change_speakerindex"
  }
},
{
  "model": "auth.permission",
  "pk": 104,
  "fields": {
    "name": "Can delete speaker index",
    "content_type": 28,
    "codename": "delete_speakerindex"
  }
},
{
  "model": "auth.permission",
  "pk": 105,
  "fields": {
    "name": "Can view speaker index",
    "content_type": 28,
    "codename": "view_speakerindex"
  }
},
{
  "model": "auth.permission",
  "pk": 106,
  "fields": {
    "name": "Can add category",
    "content_type": 29,
    "codename": "add_category"
  }
},
{
  "model": "auth.permission",
  "pk": 107,
  "fields": {
    "name": "Can change category",
    "content_type": 29,
    "codename": "change_category"
  }
},
{
  "model": "auth.permission",
  "pk": 108,
  "fields": {
    "name": "Can delete category",
    "content_type": 29,
    "codename": "delete_category"
  }
},
{
  "model": "auth.permission",
  "pk": 109,
  "fields": {
    "name": "Can view category",
    "content_type": 29,
    "codename": "view_category"
  }
},
{
  "model": "auth.permission",
  "pk": 110,
  "fields": {
    "name": "Can add speaker",
    "content_type": 30,
    "codename": "add_speaker"
  }
},
{
  "model": "auth.permission",
  "pk": 111,
  "fields": {
    "name": "Can change speaker",
    "content_type": 30,
    "codename": "change_speaker"
  }
},
{
  "model": "auth.permission",
  "pk": 112,
  "fields": {
    "name": "Can delete speaker",
    "content_type": 30,
    "codename": "delete_speaker"
  }
},
{
  "model": "auth.permission",
  "pk": 113,
  "fields": {
    "name": "Can view speaker",
    "content_type": 30,
    "codename": "view_speaker"
  }
},
{
  "model": "auth.permission",
  "pk": 114,
  "fields": {
    "name": "Can add event",
    "content_type": 31,
    "codename": "add_event"
  }
},
{
  "model": "auth.permission",
  "pk": 115,
  "fields": {
    "name": "Can change event",
    "content_type": 31,
    "codename": "change_event"
  }
},
{
  "model": "auth.permission",
  "pk": 116,
  "fields": {
    "name": "Can delete event",
    "content_type": 31,
    "codename": "delete_event"
  }
},
{
  "model": "auth.permission",
  "pk": 117,
  "fields": {
    "name": "Can view event",
    "content_type": 31,
    "codename": "view_event"
  }
},
{
  "model": "auth.permission",
  "pk": 118,
  "fields": {
    "name": "Can add edition index",
    "content_type": 32,
    "codename": "add_editionindex"
  }
},
{
  "model": "auth.permission",
  "pk": 119,
  "fields": {
    "name": "Can change edition index",
    "content_type": 32,
    "codename": "change_editionindex"
  }
},
{
  "model": "auth.permission",
  "pk": 120,
  "fields": {
    "name": "Can delete edition index",
    "content_type": 32,
    "codename": "delete_editionindex"
  }
},
{
  "model": "auth.permission",
  "pk": 121,
  "fields": {
    "name": "Can view edition index",
    "content_type": 32,
    "codename": "view_editionindex"
  }
},
{
  "model": "auth.permission",
  "pk": 122,
  "fields": {
    "name": "Can add edition",
    "content_type": 33,
    "codename": "add_edition"
  }
},
{
  "model": "auth.permission",
  "pk": 123,
  "fields": {
    "name": "Can change edition",
    "content_type": 33,
    "codename": "change_edition"
  }
},
{
  "model": "auth.permission",
  "pk": 124,
  "fields": {
    "name": "Can delete edition",
    "content_type": 33,
    "codename": "delete_edition"
  }
},
{
  "model": "auth.permission",
  "pk": 125,
  "fields": {
    "name": "Can view edition",
    "content_type": 33,
    "codename": "view_edition"
  }
},
{
  "model": "auth.permission",
  "pk": 126,
  "fields": {
    "name": "Can add category index",
    "content_type": 34,
    "codename": "add_categoryindex"
  }
},
{
  "model": "auth.permission",
  "pk": 127,
  "fields": {
    "name": "Can change category index",
    "content_type": 34,
    "codename": "change_categoryindex"
  }
},
{
  "model": "auth.permission",
  "pk": 128,
  "fields": {
    "name": "Can delete category index",
    "content_type": 34,
    "codename": "delete_categoryindex"
  }
},
{
  "model": "auth.permission",
  "pk": 129,
  "fields": {
    "name": "Can view category index",
    "content_type": 34,
    "codename": "view_categoryindex"
  }
},
{
  "model": "auth.permission",
  "pk": 130,
  "fields": {
    "name": "Can add event index",
    "content_type": 35,
    "codename": "add_eventindex"
  }
},
{
  "model": "auth.permission",
  "pk": 131,
  "fields": {
    "name": "Can change event index",
    "content_type": 35,
    "codename": "change_eventindex"
  }
},
{
  "model": "auth.permission",
  "pk": 132,
  "fields": {
    "name": "Can delete event index",
    "content_type": 35,
    "codename": "delete_eventindex"
  }
},
{
  "model": "auth.permission",
  "pk": 133,
  "fields": {
    "name": "Can view event index",
    "content_type": 35,
    "codename": "view_eventindex"
  }
},
{
  "model": "auth.permission",
  "pk": 134,
  "fields": {
    "name": "Can add static page",
    "content_type": 3,
    "codename": "add_staticpage"
  }
},
{
  "model": "auth.permission",
  "pk": 135,
  "fields": {
    "name": "Can change static page",
    "content_type": 3,
    "codename": "change_staticpage"
  }
},
{
  "model": "auth.permission",
  "pk": 136,
  "fields": {
    "name": "Can delete static page",
    "content_type": 3,
    "codename": "delete_staticpage"
  }
},
{
  "model": "auth.permission",
  "pk": 137,
  "fields": {
    "name": "Can view static page",
    "content_type": 3,
    "codename": "view_staticpage"
  }
},
{
  "model": "auth.group",
  "pk": 1,
  "fields": {
    "name": "Moderators",
    "permissions": [
      4,
      5,
      6,
      7,
      1,
      2,
      3
    ]
  }
},
{
  "model": "auth.group",
  "pk": 2,
  "fields": {
    "name": "Editors",
    "permissions": [
      4,
      5,
      6,
      7,
      1,
      2,
      3
    ]
  }
},
{
  "model": "auth.group",
  "pk": 3,
  "fields": {
    "name": "workshopsadmin",
    "permissions": []
  }
},
{
  "model": "auth.group",
  "pk": 4,
  "fields": {
    "name": "offline_access",
    "permissions": []
  }
},
{
  "model": "auth.group",
  "pk": 5,
  "fields": {
    "name": "sfi",
    "permissions": []
  }
},
{
  "model": "auth.group",
  "pk": 6,
  "fields": {
    "name": "newsletteradmin",
    "permissions": []
  }
},
{
  "model": "auth.group",
  "pk": 7,
  "fields": {
    "name": "uma_authorization",
    "permissions": []
  }
},
{
  "model": "auth.group",
  "pk": 8,
  "fields": {
    "name": "admins",
    "permissions": []
  }
},
{
  "model": "wagtailcore.groupcollectionpermission",
  "pk": 1,
  "fields": {
    "group": 2,
    "collection": 1,
    "permission": 1
  }
},
{
  "model": "wagtailcore.groupcollectionpermission",
  "pk": 2,
  "fields": {
    "group": 1,
    "collection": 1,
    "permission": 1
  }
},
{
  "model": "wagtailcore.groupcollectionpermission",
  "pk": 3,
  "fields": {
    "group": 2,
    "collection": 1,
    "permission": 2
  }
},
{
  "model": "wagtailcore.groupcollectionpermission",
  "pk": 4,
  "fields": {
    "group": 1,
    "collection": 1,
    "permission": 2
  }
},
{
  "model": "wagtailcore.groupcollectionpermission",
  "pk": 5,
  "fields": {
    "group": 2,
    "collection": 1,
    "permission": 5
  }
},
{
  "model": "wagtailcore.groupcollectionpermission",
  "pk": 6,
  "fields": {
    "group": 1,
    "collection": 1,
    "permission": 5
  }
},
{
  "model": "wagtailcore.groupcollectionpermission",
  "pk": 7,
  "fields": {
    "group": 2,
    "collection": 1,
    "permission": 6
  }
},
{
  "model": "wagtailcore.groupcollectionpermission",
  "pk": 8,
  "fields": {
    "group": 1,
    "collection": 1,
    "permission": 6
  }
},
{
  "model": "wagtailcore.grouppagepermission",
  "pk": 1,
  "fields": {
    "group": 1,
    "page": 1,
    "permission_type": "add"
  }
},
{
  "model": "wagtailcore.grouppagepermission",
  "pk": 2,
  "fields": {
    "group": 1,
    "page": 1,
    "permission_type": "edit"
  }
},
{
  "model": "wagtailcore.grouppagepermission",
  "pk": 3,
  "fields": {
    "group": 1,
    "page": 1,
    "permission_type": "publish"
  }
},
{
  "model": "wagtailcore.grouppagepermission",
  "pk": 4,
  "fields": {
    "group": 2,
    "page": 1,
    "permission_type": "add"
  }
},
{
  "model": "wagtailcore.grouppagepermission",
  "pk": 5,
  "fields": {
    "group": 2,
    "page": 1,
    "permission_type": "edit"
  }
},
{
  "model": "wagtailcore.grouppagepermission",
  "pk": 6,
  "fields": {
    "group": 1,
    "page": 1,
    "permission_type": "lock"
  }
},
{
  "model": "wagtailcore.grouppagepermission",
  "pk": 7,
  "fields": {
    "group": 1,
    "page": 1,
    "permission_type": "unlock"
  }
},
{
  "model": "common.user",
  "pk": 1,
  "fields": {
    "password": "!PsFuXKCWptLkZfu40RhDhhAxRe9LbzLy4g8cxATU",
    "last_login": "2020-05-04T18:20:48.292Z",
    "is_superuser": true,
    "username": "48569262-791c-4dce-8746-107ae4a02afb",
    "first_name": "Adam",
    "last_name": "Pardyl",
    "email": "adam.pardyl@sfi.pl",
    "is_staff": true,
    "is_active": true,
    "date_joined": "2020-05-04T17:07:30.153Z",
    "groups": [
      3,
      4,
      5,
      6,
      7,
      8
    ],
    "user_permissions": []
  }
},
{
  "model": "blog.post",
  "pk": 5,
  "fields": {
    "featured_image": null,
    "content": "<p>W\u0142a\u015bnie opublikowali\u015bmy podcast z dr Ann\u0105 Chrobry, fizykiem j\u0105drowym, kt\u00f3ra od 10 lat pracuje w sektorze lotniczym i astronautycznym. Rozmawiamy o kosmosie, satelitach, ciekawych projektach kosmicznych, przy kt\u00f3rych pracowa\u0142a i alternatywnych \u017ar\u00f3d\u0142ach energii. Ca\u0142ej rozmowy mo\u017cna pos\u0142ucha\u0107 na <a href=\"https://sfi.pl/podcasty/\">https://sfi.pl/podcasty/</a>, a wi\u0119cej wiedzy kosmicznej i informacji o wspomnianych projektach znajdziecie na stronach:</p><ul><li><a href=\"https://spacegeneration.org/\">https://spacegeneration.org</a> \u2013 Space Generation Advisory Council,</li><li><a href=\"https://www.youtube.com/watch?v=nKIh_uRTbIE\">https://www.youtube.com/watch?v=nKIh_uRTbIE</a> \u2013 centrum aeronautyczne i kosmiczne w Bremen,</li><li><a href=\"https://www.nasa.gov/connect/ebooks/nasa-systems-engineering-handbook/\">https://www.nasa.gov/connect/ebooks/nasa-systems-engineering-handbook/</a> \u2013 kosmiczna Biblia \ud83d\ude09,</li><li><a href=\"https://www.youtube.com/watch?v=fKSBgAOosc4\">https://www.youtube.com/watch?v=fKSBgAOosc4</a> \u2013 Robot Koch \u2013 Kassel,</li><li><a href=\"http://naukawpolsce.pap.pl/aktualnosci/news%2C79083%2Csenat-ustanowil-rok-2020-rokiem-fizyki.html\">http://naukawpolsce.pap.pl/aktualnosci/news%2C79083%2Csenat-ustanowil-rok-2020-rokiem-fizyki.html</a> \u2013 2020 rokiem fizyki.</li></ul>",
    "content_en": "<p>W\u0142a\u015bnie opublikowali\u015bmy podcast z dr Ann\u0105 Chrobry, fizykiem j\u0105drowym, kt\u00f3ra od 10 lat pracuje w sektorze lotniczym i astronautycznym. Rozmawiamy o kosmosie, satelitach, ciekawych projektach kosmicznych, przy kt\u00f3rych pracowa\u0142a i alternatywnych \u017ar\u00f3d\u0142ach energii. Ca\u0142ej rozmowy mo\u017cna pos\u0142ucha\u0107 na <a href=\"https://sfi.pl/podcasty/\">https://sfi.pl/podcasty/</a>, a wi\u0119cej wiedzy kosmicznej i informacji o wspomnianych projektach znajdziecie na stronach:</p><ul><li><a href=\"https://spacegeneration.org/\">https://spacegeneration.org</a> \u2013 Space Generation Advisory Council,</li><li><a href=\"https://www.youtube.com/watch?v=nKIh_uRTbIE\">https://www.youtube.com/watch?v=nKIh_uRTbIE</a> \u2013 centrum aeronautyczne i kosmiczne w Bremen,</li><li><a href=\"https://www.nasa.gov/connect/ebooks/nasa-systems-engineering-handbook/\">https://www.nasa.gov/connect/ebooks/nasa-systems-engineering-handbook/</a> \u2013 kosmiczna Biblia \ud83d\ude09,</li><li><a href=\"https://www.youtube.com/watch?v=fKSBgAOosc4\">https://www.youtube.com/watch?v=fKSBgAOosc4</a> \u2013 Robot Koch \u2013 Kassel,</li><li><a href=\"http://naukawpolsce.pap.pl/aktualnosci/news%2C79083%2Csenat-ustanowil-rok-2020-rokiem-fizyki.html\">http://naukawpolsce.pap.pl/aktualnosci/news%2C79083%2Csenat-ustanowil-rok-2020-rokiem-fizyki.html</a> \u2013 2020 rokiem fizyki.</li></ul>",
    "content_pl": "<p>W\u0142a\u015bnie opublikowali\u015bmy podcast z dr Ann\u0105 Chrobry, fizykiem j\u0105drowym, kt\u00f3ra od 10 lat pracuje w sektorze lotniczym i astronautycznym. Rozmawiamy o kosmosie, satelitach, ciekawych projektach kosmicznych, przy kt\u00f3rych pracowa\u0142a i alternatywnych \u017ar\u00f3d\u0142ach energii. Ca\u0142ej rozmowy mo\u017cna pos\u0142ucha\u0107 na <a href=\"https://sfi.pl/podcasty/\">https://sfi.pl/podcasty/</a>, a wi\u0119cej wiedzy kosmicznej i informacji o wspomnianych projektach znajdziecie na stronach:</p><ul><li><a href=\"https://spacegeneration.org/\">https://spacegeneration.org</a> \u2013 Space Generation Advisory Council,</li><li><a href=\"https://www.youtube.com/watch?v=nKIh_uRTbIE\">https://www.youtube.com/watch?v=nKIh_uRTbIE</a> \u2013 centrum aeronautyczne i kosmiczne w Bremen,</li><li><a href=\"https://www.nasa.gov/connect/ebooks/nasa-systems-engineering-handbook/\">https://www.nasa.gov/connect/ebooks/nasa-systems-engineering-handbook/</a> \u2013 kosmiczna Biblia \ud83d\ude09,</li><li><a href=\"https://www.youtube.com/watch?v=fKSBgAOosc4\">https://www.youtube.com/watch?v=fKSBgAOosc4</a> \u2013 Robot Koch \u2013 Kassel,</li><li><a href=\"http://naukawpolsce.pap.pl/aktualnosci/news%2C79083%2Csenat-ustanowil-rok-2020-rokiem-fizyki.html\">http://naukawpolsce.pap.pl/aktualnosci/news%2C79083%2Csenat-ustanowil-rok-2020-rokiem-fizyki.html</a> \u2013 2020 rokiem fizyki.</li></ul>",
    "date": "2020-05-04T17:54:00Z"
  }
},
{
  "model": "blog.post",
  "pk": 6,
  "fields": {
    "featured_image": null,
    "content": "<p>Siedzimy w domach, ale nie pr\u00f3\u017cnujemy! \u017beby umili\u0107 Wam czekanie na przeniesione 16.SFI, postanowili\u015bmy stworzy\u0107 kana\u0142 z podcastami!</p><p>Co tydzie\u0144 b\u0119dziemy rozmawia\u0107 z naszymi go\u015b\u0107mi z r\u00f3\u017cnych dziedzin IT. Podziel\u0105 si\u0119 oni z Wami swoimi do\u015bwiadczeniem i wiedz\u0105. \ud83d\ude09</p><p>Podcast\u00f3w mo\u017cecie s\u0142ucha\u0107 na:<br/>\ud83d\udc49 <a href=\"http://s.sfi.pl/spotify\">Spotify</a><br/>\ud83d\udc49 <a href=\"http://s.sfi.pl/apple_podcasts\">Apple Podcasts</a><br/>\ud83d\udc49 <a href=\"http://s.sfi.pl/soundcloud\">SoundCloud</a><br/>\ud83d\udc49 <a href=\"http://s.sfi.pl/youtube_podcasts\">Youtube</a></p><p>Obecnie mo\u017cecie ods\u0142ucha\u0107 nast\u0119puj\u0105ce odcinki:<br/>(kolejno\u015b\u0107 od najstarszego)</p>",
    "content_en": "<p>Siedzimy w domach, ale nie pr\u00f3\u017cnujemy! \u017beby umili\u0107 Wam czekanie na przeniesione 16.SFI, postanowili\u015bmy stworzy\u0107 kana\u0142 z podcastami!</p><p>Co tydzie\u0144 b\u0119dziemy rozmawia\u0107 z naszymi go\u015b\u0107mi z r\u00f3\u017cnych dziedzin IT. Podziel\u0105 si\u0119 oni z Wami swoimi do\u015bwiadczeniem i wiedz\u0105. \ud83d\ude09</p><p>Podcast\u00f3w mo\u017cecie s\u0142ucha\u0107 na:<br/>\ud83d\udc49 <a href=\"http://s.sfi.pl/spotify\">Spotify</a><br/>\ud83d\udc49 <a href=\"http://s.sfi.pl/apple_podcasts\">Apple Podcasts</a><br/>\ud83d\udc49 <a href=\"http://s.sfi.pl/soundcloud\">SoundCloud</a><br/>\ud83d\udc49 <a href=\"http://s.sfi.pl/youtube_podcasts\">Youtube</a></p><p>Obecnie mo\u017cecie ods\u0142ucha\u0107 nast\u0119puj\u0105ce odcinki:<br/>(kolejno\u015b\u0107 od najstarszego)</p>",
    "content_pl": "<p>Siedzimy w domach, ale nie pr\u00f3\u017cnujemy! \u017beby umili\u0107 Wam czekanie na przeniesione 16.SFI, postanowili\u015bmy stworzy\u0107 kana\u0142 z podcastami!</p><p>Co tydzie\u0144 b\u0119dziemy rozmawia\u0107 z naszymi go\u015b\u0107mi z r\u00f3\u017cnych dziedzin IT. Podziel\u0105 si\u0119 oni z Wami swoimi do\u015bwiadczeniem i wiedz\u0105. \ud83d\ude09</p><p>Podcast\u00f3w mo\u017cecie s\u0142ucha\u0107 na:<br/>\ud83d\udc49 <a href=\"http://s.sfi.pl/spotify\">Spotify</a><br/>\ud83d\udc49 <a href=\"http://s.sfi.pl/apple_podcasts\">Apple Podcasts</a><br/>\ud83d\udc49 <a href=\"http://s.sfi.pl/soundcloud\">SoundCloud</a><br/>\ud83d\udc49 <a href=\"http://s.sfi.pl/youtube_podcasts\">Youtube</a></p><p>Obecnie mo\u017cecie ods\u0142ucha\u0107 nast\u0119puj\u0105ce odcinki:<br/>(kolejno\u015b\u0107 od najstarszego)</p>",
    "date": "2020-05-04T17:55:00Z"
  }
},
{
  "model": "blog.post",
  "pk": 7,
  "fields": {
    "featured_image": null,
    "content": "<p>Kochani!</p><p>Wczoraj wieczorem (10.03) podj\u0119li\u015bmy decyzj\u0119 o przeniesieniu 16 edycji Studenckiego Festiwalu Informatycznego na pa\u017adziernik 2020.\u00a0</p><p>Przez ostatnie dni walczyli\u015bmy, aby Festiwal odby\u0142 si\u0119 zgodnie z planem. Jeszcze w zesz\u0142ym tygodniu zak\u0142adali\u015bmy, \u017ce uda nam si\u0119 spotka\u0107 od 26 do 28 marca. Niestety, w obliczu pogarszaj\u0105cej si\u0119 sytuacji epidemiologicznej oraz faktu, \u017ce wiele uczelni odwo\u0142uje zaj\u0119cia, a firmy przechodz\u0105 na prac\u0119 zdaln\u0105, uznali\u015bmy, \u017ce nie mo\u017cemy ryzykowa\u0107 zdrowia naszych uczestnik\u00f3w, prelegent\u00f3w i partner\u00f3w. Decyzja ta wi\u0105\u017ce si\u0119 ze stratami finansowymi, wierzymy jednak, \u017ce na ten moment to najlepsze rozwi\u0105zanie.</p><p>W ci\u0105gu minionych 9 miesi\u0119cy ponad 60 organizator\u00f3w \u2013 student\u00f3w k\u00f3\u0142 informatycznych z 4 krakowskich uczelni (AGH, UJ, PK, UEK) \u2013 stara\u0142o si\u0119 stworzy\u0107 dla Was najfajniejszy festiwal IT w Polsce. Odbyli\u015bmy mn\u00f3stwo spotka\u0144, napisali\u015bmy tysi\u0105ce linijek kodu, wymienili\u015bmy setki maili z prelegentami, sponsorami i kontrahentami, stworzyli\u015bmy dziesi\u0105tki grafik. To wszystko NIE p\u00f3jdzie na marne, bo i tak spotkamy si\u0119 na 16 edycji \u2013 jeszcze w tym roku.\u00a0</p><p>Dzi\u0119kujemy Wam za wsparcie i \u017cywe zainteresowanie naszym Festiwalem.</p><p>Je\u015bli chcecie by\u0107 na bie\u017c\u0105co ze wszystkimi aktualizacjami (np. nowym terminem 16.SFI) zapiszcie si\u0119 do naszego newslettera: <a href=\"http://newsletter.sfi.pl/\">newsletter.sfi.pl/</a>.\u00a0</p><p>Obserwujcie te\u017c nasze profile w social mediach: Facebooku, Instagramie i Twitterze. Postaramy si\u0119 przygotowa\u0107 dla Was co\u015b, co umili Wam czekanie!\u00a0</p><p>Do zobaczenia na 16 edycji, ju\u017c w pa\u017adzierniku 2020!</p><p>Organizatorzy 16.SFI<br/><a href=\"https://www.facebook.com/ksi.uj/?__tn__=K-R&amp;eid=ARAoBFbGt5BpbtViuvWetE-ZEqybmYsmnnkxEs10hTWLpzKAWNxVjoqCaU2R_QJ3SN9bgnXcdE4WivMf&amp;fref=mentions&amp;__xts__%5B0%5D=68.ARAhKx6YVlx2yQF67MOA80w-mLtpcl3e1hEtD_X6cy1DBa5O1T-8NuQQbl7cQx9hDeLXqf3t8gvQnwnf3kFqhTsbZnFLvmIJMztOac5kP3Jx8jIa_wg2-vnQ7hMkWjbYR6ugMts-CCL7CC77ipFpxpvjfgrheqn07nMkXFPbt8NCfY96I-ICItrDTQ36l7ovehL4k6CS13gzUDiZJlRT3aEIylCRH675GgapOlebbE-Jie-TPx878b1S0hW-7NeHV6g-v0WFW4CseFnMqRhyjVGS1uTPSKDGN5wBnnF9cdYwqRRJ9kkaEX9PzzcVsr4f\">Ko\u0142o Student\u00f3w Informatyki UJ</a><br/><a href=\"https://www.facebook.com/KniOnPk/?__tn__=K-R&amp;eid=ARBqCiu3neEbouBaB0KWwKbJ7wnkxq-c6bS-FWkEEcWCyM4f2LDt6YzBzUAVjSAwf5bAU1LxWmVKn5L9&amp;fref=mentions&amp;__xts__%5B0%5D=68.ARAhKx6YVlx2yQF67MOA80w-mLtpcl3e1hEtD_X6cy1DBa5O1T-8NuQQbl7cQx9hDeLXqf3t8gvQnwnf3kFqhTsbZnFLvmIJMztOac5kP3Jx8jIa_wg2-vnQ7hMkWjbYR6ugMts-CCL7CC77ipFpxpvjfgrheqn07nMkXFPbt8NCfY96I-ICItrDTQ36l7ovehL4k6CS13gzUDiZJlRT3aEIylCRH675GgapOlebbE-Jie-TPx878b1S0hW-7NeHV6g-v0WFW4CseFnMqRhyjVGS1uTPSKDGN5wBnnF9cdYwqRRJ9kkaEX9PzzcVsr4f\">Ko\u0142o Naukowe Informatyki PK</a><br/><a href=\"https://www.facebook.com/KNIUEK/?__tn__=K-R&amp;eid=ARCGBu8j5m9yCNUQsezvSAs0skpEdO2OXvi-GHu6t1L25R33ck9qfp2dnSZ0fl5ytNCBNSKS2203s44k&amp;fref=mentions&amp;__xts__%5B0%5D=68.ARAhKx6YVlx2yQF67MOA80w-mLtpcl3e1hEtD_X6cy1DBa5O1T-8NuQQbl7cQx9hDeLXqf3t8gvQnwnf3kFqhTsbZnFLvmIJMztOac5kP3Jx8jIa_wg2-vnQ7hMkWjbYR6ugMts-CCL7CC77ipFpxpvjfgrheqn07nMkXFPbt8NCfY96I-ICItrDTQ36l7ovehL4k6CS13gzUDiZJlRT3aEIylCRH675GgapOlebbE-Jie-TPx878b1S0hW-7NeHV6g-v0WFW4CseFnMqRhyjVGS1uTPSKDGN5wBnnF9cdYwqRRJ9kkaEX9PzzcVsr4f\">Ko\u0142o Naukowe i::team UEK</a><br/><a href=\"https://www.facebook.com/knbit\">Ko\u0142o Naukowe BIT AGH</a></p><p>PS. Wobec wielu pyta\u0144, jakie w ostatnich dniach do nas kierowali\u015bcie, przypominamy, \u017ce SFI nie organizuje \u017cadna uczelnia, ale studenci z 4 k\u00f3\u0142 naukowych, kt\u00f3re podpisa\u0142y porozumienie o wsp\u00f3lnej organizacji Festiwalu. Pomaga nam Fundacja Academica, kt\u00f3ra zajmuje si\u0119 sprawami prawnymi i ksi\u0119gowymi.\u00a0</p>",
    "content_en": "<p>Kochani!</p><p>Wczoraj wieczorem (10.03) podj\u0119li\u015bmy decyzj\u0119 o przeniesieniu 16 edycji Studenckiego Festiwalu Informatycznego na pa\u017adziernik 2020.\u00a0</p><p>Przez ostatnie dni walczyli\u015bmy, aby Festiwal odby\u0142 si\u0119 zgodnie z planem. Jeszcze w zesz\u0142ym tygodniu zak\u0142adali\u015bmy, \u017ce uda nam si\u0119 spotka\u0107 od 26 do 28 marca. Niestety, w obliczu pogarszaj\u0105cej si\u0119 sytuacji epidemiologicznej oraz faktu, \u017ce wiele uczelni odwo\u0142uje zaj\u0119cia, a firmy przechodz\u0105 na prac\u0119 zdaln\u0105, uznali\u015bmy, \u017ce nie mo\u017cemy ryzykowa\u0107 zdrowia naszych uczestnik\u00f3w, prelegent\u00f3w i partner\u00f3w. Decyzja ta wi\u0105\u017ce si\u0119 ze stratami finansowymi, wierzymy jednak, \u017ce na ten moment to najlepsze rozwi\u0105zanie.</p><p>W ci\u0105gu minionych 9 miesi\u0119cy ponad 60 organizator\u00f3w \u2013 student\u00f3w k\u00f3\u0142 informatycznych z 4 krakowskich uczelni (AGH, UJ, PK, UEK) \u2013 stara\u0142o si\u0119 stworzy\u0107 dla Was najfajniejszy festiwal IT w Polsce. Odbyli\u015bmy mn\u00f3stwo spotka\u0144, napisali\u015bmy tysi\u0105ce linijek kodu, wymienili\u015bmy setki maili z prelegentami, sponsorami i kontrahentami, stworzyli\u015bmy dziesi\u0105tki grafik. To wszystko NIE p\u00f3jdzie na marne, bo i tak spotkamy si\u0119 na 16 edycji \u2013 jeszcze w tym roku.\u00a0</p><p>Dzi\u0119kujemy Wam za wsparcie i \u017cywe zainteresowanie naszym Festiwalem.</p><p>Je\u015bli chcecie by\u0107 na bie\u017c\u0105co ze wszystkimi aktualizacjami (np. nowym terminem 16.SFI) zapiszcie si\u0119 do naszego newslettera: <a href=\"http://newsletter.sfi.pl/\">newsletter.sfi.pl/</a>.\u00a0</p><p>Obserwujcie te\u017c nasze profile w social mediach: Facebooku, Instagramie i Twitterze. Postaramy si\u0119 przygotowa\u0107 dla Was co\u015b, co umili Wam czekanie!\u00a0</p><p>Do zobaczenia na 16 edycji, ju\u017c w pa\u017adzierniku 2020!</p><p>Organizatorzy 16.SFI<br/><a href=\"https://www.facebook.com/ksi.uj/?__tn__=K-R&amp;eid=ARAoBFbGt5BpbtViuvWetE-ZEqybmYsmnnkxEs10hTWLpzKAWNxVjoqCaU2R_QJ3SN9bgnXcdE4WivMf&amp;fref=mentions&amp;__xts__%5B0%5D=68.ARAhKx6YVlx2yQF67MOA80w-mLtpcl3e1hEtD_X6cy1DBa5O1T-8NuQQbl7cQx9hDeLXqf3t8gvQnwnf3kFqhTsbZnFLvmIJMztOac5kP3Jx8jIa_wg2-vnQ7hMkWjbYR6ugMts-CCL7CC77ipFpxpvjfgrheqn07nMkXFPbt8NCfY96I-ICItrDTQ36l7ovehL4k6CS13gzUDiZJlRT3aEIylCRH675GgapOlebbE-Jie-TPx878b1S0hW-7NeHV6g-v0WFW4CseFnMqRhyjVGS1uTPSKDGN5wBnnF9cdYwqRRJ9kkaEX9PzzcVsr4f\">Ko\u0142o Student\u00f3w Informatyki UJ</a><br/><a href=\"https://www.facebook.com/KniOnPk/?__tn__=K-R&amp;eid=ARBqCiu3neEbouBaB0KWwKbJ7wnkxq-c6bS-FWkEEcWCyM4f2LDt6YzBzUAVjSAwf5bAU1LxWmVKn5L9&amp;fref=mentions&amp;__xts__%5B0%5D=68.ARAhKx6YVlx2yQF67MOA80w-mLtpcl3e1hEtD_X6cy1DBa5O1T-8NuQQbl7cQx9hDeLXqf3t8gvQnwnf3kFqhTsbZnFLvmIJMztOac5kP3Jx8jIa_wg2-vnQ7hMkWjbYR6ugMts-CCL7CC77ipFpxpvjfgrheqn07nMkXFPbt8NCfY96I-ICItrDTQ36l7ovehL4k6CS13gzUDiZJlRT3aEIylCRH675GgapOlebbE-Jie-TPx878b1S0hW-7NeHV6g-v0WFW4CseFnMqRhyjVGS1uTPSKDGN5wBnnF9cdYwqRRJ9kkaEX9PzzcVsr4f\">Ko\u0142o Naukowe Informatyki PK</a><br/><a href=\"https://www.facebook.com/KNIUEK/?__tn__=K-R&amp;eid=ARCGBu8j5m9yCNUQsezvSAs0skpEdO2OXvi-GHu6t1L25R33ck9qfp2dnSZ0fl5ytNCBNSKS2203s44k&amp;fref=mentions&amp;__xts__%5B0%5D=68.ARAhKx6YVlx2yQF67MOA80w-mLtpcl3e1hEtD_X6cy1DBa5O1T-8NuQQbl7cQx9hDeLXqf3t8gvQnwnf3kFqhTsbZnFLvmIJMztOac5kP3Jx8jIa_wg2-vnQ7hMkWjbYR6ugMts-CCL7CC77ipFpxpvjfgrheqn07nMkXFPbt8NCfY96I-ICItrDTQ36l7ovehL4k6CS13gzUDiZJlRT3aEIylCRH675GgapOlebbE-Jie-TPx878b1S0hW-7NeHV6g-v0WFW4CseFnMqRhyjVGS1uTPSKDGN5wBnnF9cdYwqRRJ9kkaEX9PzzcVsr4f\">Ko\u0142o Naukowe i::team UEK</a><br/><a href=\"https://www.facebook.com/knbit\">Ko\u0142o Naukowe BIT AGH</a></p><p>PS. Wobec wielu pyta\u0144, jakie w ostatnich dniach do nas kierowali\u015bcie, przypominamy, \u017ce SFI nie organizuje \u017cadna uczelnia, ale studenci z 4 k\u00f3\u0142 naukowych, kt\u00f3re podpisa\u0142y porozumienie o wsp\u00f3lnej organizacji Festiwalu. Pomaga nam Fundacja Academica, kt\u00f3ra zajmuje si\u0119 sprawami prawnymi i ksi\u0119gowymi.\u00a0</p>",
    "content_pl": "<p>Kochani!</p><p>Wczoraj wieczorem (10.03) podj\u0119li\u015bmy decyzj\u0119 o przeniesieniu 16 edycji Studenckiego Festiwalu Informatycznego na pa\u017adziernik 2020.\u00a0</p><p>Przez ostatnie dni walczyli\u015bmy, aby Festiwal odby\u0142 si\u0119 zgodnie z planem. Jeszcze w zesz\u0142ym tygodniu zak\u0142adali\u015bmy, \u017ce uda nam si\u0119 spotka\u0107 od 26 do 28 marca. Niestety, w obliczu pogarszaj\u0105cej si\u0119 sytuacji epidemiologicznej oraz faktu, \u017ce wiele uczelni odwo\u0142uje zaj\u0119cia, a firmy przechodz\u0105 na prac\u0119 zdaln\u0105, uznali\u015bmy, \u017ce nie mo\u017cemy ryzykowa\u0107 zdrowia naszych uczestnik\u00f3w, prelegent\u00f3w i partner\u00f3w. Decyzja ta wi\u0105\u017ce si\u0119 ze stratami finansowymi, wierzymy jednak, \u017ce na ten moment to najlepsze rozwi\u0105zanie.</p><p>W ci\u0105gu minionych 9 miesi\u0119cy ponad 60 organizator\u00f3w \u2013 student\u00f3w k\u00f3\u0142 informatycznych z 4 krakowskich uczelni (AGH, UJ, PK, UEK) \u2013 stara\u0142o si\u0119 stworzy\u0107 dla Was najfajniejszy festiwal IT w Polsce. Odbyli\u015bmy mn\u00f3stwo spotka\u0144, napisali\u015bmy tysi\u0105ce linijek kodu, wymienili\u015bmy setki maili z prelegentami, sponsorami i kontrahentami, stworzyli\u015bmy dziesi\u0105tki grafik. To wszystko NIE p\u00f3jdzie na marne, bo i tak spotkamy si\u0119 na 16 edycji \u2013 jeszcze w tym roku.\u00a0</p><p>Dzi\u0119kujemy Wam za wsparcie i \u017cywe zainteresowanie naszym Festiwalem.</p><p>Je\u015bli chcecie by\u0107 na bie\u017c\u0105co ze wszystkimi aktualizacjami (np. nowym terminem 16.SFI) zapiszcie si\u0119 do naszego newslettera: <a href=\"http://newsletter.sfi.pl/\">newsletter.sfi.pl/</a>.\u00a0</p><p>Obserwujcie te\u017c nasze profile w social mediach: Facebooku, Instagramie i Twitterze. Postaramy si\u0119 przygotowa\u0107 dla Was co\u015b, co umili Wam czekanie!\u00a0</p><p>Do zobaczenia na 16 edycji, ju\u017c w pa\u017adzierniku 2020!</p><p>Organizatorzy 16.SFI<br/><a href=\"https://www.facebook.com/ksi.uj/?__tn__=K-R&amp;eid=ARAoBFbGt5BpbtViuvWetE-ZEqybmYsmnnkxEs10hTWLpzKAWNxVjoqCaU2R_QJ3SN9bgnXcdE4WivMf&amp;fref=mentions&amp;__xts__%5B0%5D=68.ARAhKx6YVlx2yQF67MOA80w-mLtpcl3e1hEtD_X6cy1DBa5O1T-8NuQQbl7cQx9hDeLXqf3t8gvQnwnf3kFqhTsbZnFLvmIJMztOac5kP3Jx8jIa_wg2-vnQ7hMkWjbYR6ugMts-CCL7CC77ipFpxpvjfgrheqn07nMkXFPbt8NCfY96I-ICItrDTQ36l7ovehL4k6CS13gzUDiZJlRT3aEIylCRH675GgapOlebbE-Jie-TPx878b1S0hW-7NeHV6g-v0WFW4CseFnMqRhyjVGS1uTPSKDGN5wBnnF9cdYwqRRJ9kkaEX9PzzcVsr4f\">Ko\u0142o Student\u00f3w Informatyki UJ</a><br/><a href=\"https://www.facebook.com/KniOnPk/?__tn__=K-R&amp;eid=ARBqCiu3neEbouBaB0KWwKbJ7wnkxq-c6bS-FWkEEcWCyM4f2LDt6YzBzUAVjSAwf5bAU1LxWmVKn5L9&amp;fref=mentions&amp;__xts__%5B0%5D=68.ARAhKx6YVlx2yQF67MOA80w-mLtpcl3e1hEtD_X6cy1DBa5O1T-8NuQQbl7cQx9hDeLXqf3t8gvQnwnf3kFqhTsbZnFLvmIJMztOac5kP3Jx8jIa_wg2-vnQ7hMkWjbYR6ugMts-CCL7CC77ipFpxpvjfgrheqn07nMkXFPbt8NCfY96I-ICItrDTQ36l7ovehL4k6CS13gzUDiZJlRT3aEIylCRH675GgapOlebbE-Jie-TPx878b1S0hW-7NeHV6g-v0WFW4CseFnMqRhyjVGS1uTPSKDGN5wBnnF9cdYwqRRJ9kkaEX9PzzcVsr4f\">Ko\u0142o Naukowe Informatyki PK</a><br/><a href=\"https://www.facebook.com/KNIUEK/?__tn__=K-R&amp;eid=ARCGBu8j5m9yCNUQsezvSAs0skpEdO2OXvi-GHu6t1L25R33ck9qfp2dnSZ0fl5ytNCBNSKS2203s44k&amp;fref=mentions&amp;__xts__%5B0%5D=68.ARAhKx6YVlx2yQF67MOA80w-mLtpcl3e1hEtD_X6cy1DBa5O1T-8NuQQbl7cQx9hDeLXqf3t8gvQnwnf3kFqhTsbZnFLvmIJMztOac5kP3Jx8jIa_wg2-vnQ7hMkWjbYR6ugMts-CCL7CC77ipFpxpvjfgrheqn07nMkXFPbt8NCfY96I-ICItrDTQ36l7ovehL4k6CS13gzUDiZJlRT3aEIylCRH675GgapOlebbE-Jie-TPx878b1S0hW-7NeHV6g-v0WFW4CseFnMqRhyjVGS1uTPSKDGN5wBnnF9cdYwqRRJ9kkaEX9PzzcVsr4f\">Ko\u0142o Naukowe i::team UEK</a><br/><a href=\"https://www.facebook.com/knbit\">Ko\u0142o Naukowe BIT AGH</a></p><p>PS. Wobec wielu pyta\u0144, jakie w ostatnich dniach do nas kierowali\u015bcie, przypominamy, \u017ce SFI nie organizuje \u017cadna uczelnia, ale studenci z 4 k\u00f3\u0142 naukowych, kt\u00f3re podpisa\u0142y porozumienie o wsp\u00f3lnej organizacji Festiwalu. Pomaga nam Fundacja Academica, kt\u00f3ra zajmuje si\u0119 sprawami prawnymi i ksi\u0119gowymi.\u00a0</p>",
    "date": "2020-05-04T17:56:00Z"
  }
},
{
  "model": "blog.post",
  "pk": 8,
  "fields": {
    "featured_image": null,
    "content": "<p>Wiemy, \u017ce z niecierpliwo\u015bci\u0105\u00a0wypatrujecie zapis\u00f3w na warsztaty. Nie trzymamy Was d\u0142u\u017cej w niepewno\u015bci \u2013 rozpoczn\u0105 si\u0119 w poniedzia\u0142ek 9 marca o 10:00!\u00a0Przygotujcie si\u0119 te\u017c na ich now\u0105 form\u0119\u00a0\ud83d\ude03</p><p>Cz\u0119\u015b\u0107 zapis\u00f3w odb\u0119dzie si\u0119 w systemie \u201ckto pierwszy, ten lepszy\u201d, wi\u0119c b\u0105d\u017acie czujni\u00a0\ud83e\uddd0</p><p>W tym roku mo\u017cecie wzi\u0105\u0107 udzia\u0142 w warsztatach zakresu sztucznej inteligencji, gamedevu i security! Pe\u0142n\u0105 list\u0119 wraz z godzinami znajdziecie w agendzie.</p>",
    "content_en": "<p>Wiemy, \u017ce z niecierpliwo\u015bci\u0105\u00a0wypatrujecie zapis\u00f3w na warsztaty. Nie trzymamy Was d\u0142u\u017cej w niepewno\u015bci \u2013 rozpoczn\u0105 si\u0119 w poniedzia\u0142ek 9 marca o 10:00!\u00a0Przygotujcie si\u0119 te\u017c na ich now\u0105 form\u0119\u00a0\ud83d\ude03</p><p>Cz\u0119\u015b\u0107 zapis\u00f3w odb\u0119dzie si\u0119 w systemie \u201ckto pierwszy, ten lepszy\u201d, wi\u0119c b\u0105d\u017acie czujni\u00a0\ud83e\uddd0</p><p>W tym roku mo\u017cecie wzi\u0105\u0107 udzia\u0142 w warsztatach zakresu sztucznej inteligencji, gamedevu i security! Pe\u0142n\u0105 list\u0119 wraz z godzinami znajdziecie w agendzie.</p>",
    "content_pl": "<p>Wiemy, \u017ce z niecierpliwo\u015bci\u0105\u00a0wypatrujecie zapis\u00f3w na warsztaty. Nie trzymamy Was d\u0142u\u017cej w niepewno\u015bci \u2013 rozpoczn\u0105 si\u0119 w poniedzia\u0142ek 9 marca o 10:00!\u00a0Przygotujcie si\u0119 te\u017c na ich now\u0105 form\u0119\u00a0\ud83d\ude03</p><p>Cz\u0119\u015b\u0107 zapis\u00f3w odb\u0119dzie si\u0119 w systemie \u201ckto pierwszy, ten lepszy\u201d, wi\u0119c b\u0105d\u017acie czujni\u00a0\ud83e\uddd0</p><p>W tym roku mo\u017cecie wzi\u0105\u0107 udzia\u0142 w warsztatach zakresu sztucznej inteligencji, gamedevu i security! Pe\u0142n\u0105 list\u0119 wraz z godzinami znajdziecie w agendzie.</p>",
    "date": "2020-05-04T17:56:00Z"
  }
},
{
  "model": "blog.postindex",
  "pk": 4,
  "fields": {
    "featured_image": null
  }
},
{
  "model": "agenda.event",
  "pk": 20,
  "fields": {
    "featured_image": null,
    "content": "<p>Czy stworzy\u0142e\u015b ju\u017c w\u0142asny j\u0119zyk programowania? Je\u017celi nie, najwy\u017cszy czas zacz\u0105\u0107! W ramach wyk\u0142adu otwieraj\u0105cego 16. SFI postaram si\u0119 przekona\u0107 Ci\u0119, \u017ce \u2013 mimo znikomej szansy biznesowego powodzenia takiego przedsi\u0119wzi\u0119cia \u2013 naprawd\u0119 warto! Dowiesz si\u0119 od czego zacz\u0105\u0107 oraz poznasz techniki i narz\u0119dzia redukuj\u0105ce (nieco) stopie\u0144 komplikacji ca\u0142ego zadania. Opowiem te\u017c o kilku zwi\u0105zanych z j\u0119zykami programowania problemach, zamkni\u0119tych zdawa\u0142oby si\u0119 od ponad 50 lat, a mimo to wci\u0105\u017c domagaj\u0105cych si\u0119 nowych rozwi\u0105za\u0144.</p>",
    "content_en": "<p>Czy stworzy\u0142e\u015b ju\u017c w\u0142asny j\u0119zyk programowania? Je\u017celi nie, najwy\u017cszy czas zacz\u0105\u0107! W ramach wyk\u0142adu otwieraj\u0105cego 16. SFI postaram si\u0119 przekona\u0107 Ci\u0119, \u017ce \u2013 mimo znikomej szansy biznesowego powodzenia takiego przedsi\u0119wzi\u0119cia \u2013 naprawd\u0119 warto! Dowiesz si\u0119 od czego zacz\u0105\u0107 oraz poznasz techniki i narz\u0119dzia redukuj\u0105ce (nieco) stopie\u0144 komplikacji ca\u0142ego zadania. Opowiem te\u017c o kilku zwi\u0105zanych z j\u0119zykami programowania problemach, zamkni\u0119tych zdawa\u0142oby si\u0119 od ponad 50 lat, a mimo to wci\u0105\u017c domagaj\u0105cych si\u0119 nowych rozwi\u0105za\u0144.</p>",
    "content_pl": "<p>Czy stworzy\u0142e\u015b ju\u017c w\u0142asny j\u0119zyk programowania? Je\u017celi nie, najwy\u017cszy czas zacz\u0105\u0107! W ramach wyk\u0142adu otwieraj\u0105cego 16. SFI postaram si\u0119 przekona\u0107 Ci\u0119, \u017ce \u2013 mimo znikomej szansy biznesowego powodzenia takiego przedsi\u0119wzi\u0119cia \u2013 naprawd\u0119 warto! Dowiesz si\u0119 od czego zacz\u0105\u0107 oraz poznasz techniki i narz\u0119dzia redukuj\u0105ce (nieco) stopie\u0144 komplikacji ca\u0142ego zadania. Opowiem te\u017c o kilku zwi\u0105zanych z j\u0119zykami programowania problemach, zamkni\u0119tych zdawa\u0142oby si\u0119 od ponad 50 lat, a mimo to wci\u0105\u017c domagaj\u0105cych si\u0119 nowych rozwi\u0105za\u0144.</p>",
    "date": "2020-05-21T19:00:00Z",
    "event_speaker": 12,
    "event_category": 18
  }
},
{
  "model": "agenda.event",
  "pk": 21,
  "fields": {
    "featured_image": null,
    "content": "<p>\u0141atwo zgubi\u0107 si\u0119 w ca\u0142ym tym szumie wok\u00f3\u0142 przestrzeni do rozm\u00f3w z r\u00f3\u017cnymi rozwi\u0105zaniami j\u0119zyka naturalnego, ramkami i platformami dla bot\u00f3w, asystentami g\u0142osowymi i pakietami SDK dla nich. Zbudujmy bota i zapoznajmy si\u0119 z nowoczesnym podej\u015bciem do rozumienia j\u0119zyka naturalnego i programowania interfejs\u00f3w konwersacyjnych. To nie jest trudne, ale przyjemne i ca\u0142kowicie mo\u017cliwe do zrobienia w mniej ni\u017c godzin\u0119.</p>",
    "content_en": "<p>It\u2019s easy to get lost in all the hype surrounding the conversational space with different natural language solutions, bot frameworks and platforms, voice assistants and SDKs for them. Let\u2019s build a bot and get familiar with the modern approach to natural language understanding and programming conversational interfaces. It\u2019s not hard, it\u2019s fun, and it\u2019s totally doable in under an hour.</p>",
    "content_pl": "<p>\u0141atwo zgubi\u0107 si\u0119 w ca\u0142ym tym szumie wok\u00f3\u0142 przestrzeni do rozm\u00f3w z r\u00f3\u017cnymi rozwi\u0105zaniami j\u0119zyka naturalnego, ramkami i platformami dla bot\u00f3w, asystentami g\u0142osowymi i pakietami SDK dla nich. Zbudujmy bota i zapoznajmy si\u0119 z nowoczesnym podej\u015bciem do rozumienia j\u0119zyka naturalnego i programowania interfejs\u00f3w konwersacyjnych. To nie jest trudne, ale przyjemne i ca\u0142kowicie mo\u017cliwe do zrobienia w mniej ni\u017c godzin\u0119.</p>",
    "date": null,
    "event_speaker": 13,
    "event_category": 17
  }
},
{
  "model": "agenda.eventindex",
  "pk": 19,
  "fields": {
    "featured_image": null
  }
},
{
  "model": "agenda.category",
  "pk": 17,
  "fields": {
    "featured_image": null,
    "icon": "robot",
    "color": "#ff0036"
  }
},
{
  "model": "agenda.category",
  "pk": 18,
  "fields": {
    "featured_image": null,
    "icon": "code-branch",
    "color": "#3dd526"
  }
},
{
  "model": "agenda.categoryindex",
  "pk": 16,
  "fields": {
    "featured_image": null
  }
},
{
  "model": "agenda.edition",
  "pk": 15,
  "fields": {
    "featured_image": null,
    "start_date": "2020-05-21T18:04:00Z",
    "end_date": "2020-05-23T18:05:00Z"
  }
},
{
  "model": "agenda.editionindex",
  "pk": 14,
  "fields": {
    "featured_image": null
  }
},
{
  "model": "agenda.speaker",
  "pk": 12,
  "fields": {
    "featured_image": null,
    "content": "<p>Grzegorz Herman, krakowianin, absolwent V LO i Uniwersytetu Jagiello\u0144skiego, swoje zainteresowania naukowe wi\u0105za\u0142 pierwotnie ze z\u0142o\u017cono\u015bci\u0105 obliczeniow\u0105. Po uzyskaniu doktoratu na McMaster University wr\u00f3ci\u0142 na sw\u00f3j rodzimy Wydzia\u0142. Obecnie interesuje si\u0119 przede wszystkim j\u0119zykami programowania i kompilatorami oraz szeroko poj\u0119t\u0105 algorytmik\u0105. Pracuje nad najszybszym na \u015bwiecie parserem uog\u00f3lnionym oraz (na razie niepublicznie) przynajmniej dwoma nowymi j\u0119zykami. Prywatnie cieszy si\u0119 \u017cyciem rodzinnym i \u015bpiewa w kameralnym zespole muzyki renesansowej.</p><h3>Pytania</h3><h4><b>Jak\u0105 rad\u0119 da\u0142by\u015b 19-letniemu sobie?</b></h4><p>Nie b\u00f3j si\u0119 zmienia\u0107 zainteresowa\u0144 naukowych.</p><h4><b>Rozw\u00f3j jakich technologii ostatnich lat najbardziej ci\u0119 zadziwi\u0142?</b><br/></h4><p>Chyba \u017cadnych \u2013 mo\u017ce dlatego, \u017ce nie mia\u0142em wzgl\u0119dem technologii \u017cadnych szczeg\u00f3lnych predykcji czy oczekiwa\u0144.</p><h4><b>Jakie s\u0105 twoje najwi\u0119ksze pora\u017cki?</b></h4><p>Pr\u00f3ba prowadzenia w\u0142asnej firmy w bran\u017cy IT.</p>",
    "content_en": "<p>Grzegorz Herman, krakowianin, absolwent V LO i Uniwersytetu Jagiello\u0144skiego, swoje zainteresowania naukowe wi\u0105za\u0142 pierwotnie ze z\u0142o\u017cono\u015bci\u0105 obliczeniow\u0105. Po uzyskaniu doktoratu na McMaster University wr\u00f3ci\u0142 na sw\u00f3j rodzimy Wydzia\u0142. Obecnie interesuje si\u0119 przede wszystkim j\u0119zykami programowania i kompilatorami oraz szeroko poj\u0119t\u0105 algorytmik\u0105. Pracuje nad najszybszym na \u015bwiecie parserem uog\u00f3lnionym oraz (na razie niepublicznie) przynajmniej dwoma nowymi j\u0119zykami. Prywatnie cieszy si\u0119 \u017cyciem rodzinnym i \u015bpiewa w kameralnym zespole muzyki renesansowej.</p><h3>Questions</h3><h4><b>What advice would you give to 19-year-old self?</b></h4><p>Nie b\u00f3j si\u0119 zmienia\u0107 zainteresowa\u0144 naukowych.</p><h4><b>Development of which technologies in last years surprised you the most?</b></h4><p>Chyba \u017cadnych \u2013 mo\u017ce dlatego, \u017ce nie mia\u0142em wzgl\u0119dem technologii \u017cadnych szczeg\u00f3lnych predykcji czy oczekiwa\u0144.</p><h4><b>What are your greatest failures?</b></h4><p>Pr\u00f3ba prowadzenia w\u0142asnej firmy w bran\u017cy IT.</p>",
    "content_pl": "<p>Grzegorz Herman, krakowianin, absolwent V LO i Uniwersytetu Jagiello\u0144skiego, swoje zainteresowania naukowe wi\u0105za\u0142 pierwotnie ze z\u0142o\u017cono\u015bci\u0105 obliczeniow\u0105. Po uzyskaniu doktoratu na McMaster University wr\u00f3ci\u0142 na sw\u00f3j rodzimy Wydzia\u0142. Obecnie interesuje si\u0119 przede wszystkim j\u0119zykami programowania i kompilatorami oraz szeroko poj\u0119t\u0105 algorytmik\u0105. Pracuje nad najszybszym na \u015bwiecie parserem uog\u00f3lnionym oraz (na razie niepublicznie) przynajmniej dwoma nowymi j\u0119zykami. Prywatnie cieszy si\u0119 \u017cyciem rodzinnym i \u015bpiewa w kameralnym zespole muzyki renesansowej.</p><h3>Pytania</h3><h4><b>Jak\u0105 rad\u0119 da\u0142by\u015b 19-letniemu sobie?</b></h4><p>Nie b\u00f3j si\u0119 zmienia\u0107 zainteresowa\u0144 naukowych.</p><h4><b>Rozw\u00f3j jakich technologii ostatnich lat najbardziej ci\u0119 zadziwi\u0142?</b><br/></h4><p>Chyba \u017cadnych \u2013 mo\u017ce dlatego, \u017ce nie mia\u0142em wzgl\u0119dem technologii \u017cadnych szczeg\u00f3lnych predykcji czy oczekiwa\u0144.</p><h4><b>Jakie s\u0105 twoje najwi\u0119ksze pora\u017cki?</b></h4><p>Pr\u00f3ba prowadzenia w\u0142asnej firmy w bran\u017cy IT.</p>"
  }
},
{
  "model": "agenda.speaker",
  "pk": 13,
  "fields": {
    "featured_image": null,
    "content": "<p>Pavel jest technologiem poliglot\u0105 z 20-letnim do\u015bwiadczeniem w budowaniu i wypuszczaniu na rynek z\u0142o\u017conych system\u00f3w oprogramowania i produkt\u00f3w dla sieci przy u\u017cyciu Java, C#, Ruby, JavaScript i wszystkiego innego. W EPAM Systems Pavel nap\u0119dza innowacje w zakresie technologii cyfrowych oraz prace badawczo-rozwojowe maj\u0105ce na celu pomoc klientom EPAM w ich pracy nad przekszta\u0142ceniami cyfrowymi.</p><h3>Pytania</h3><h4><b>Jak\u0105 porad\u0119 da\u0142by\u015b 19-letniemu sobie?</b></h4><p>Nie powiedzia\u0142bym nic \ud83d\ude0a. \u017bycie jest najlepsz\u0105 zagadk\u0105, jaka istnieje i ka\u017cdy z nas ma swoje w\u0142asne, niepowtarzalne wydanie. Ciesz si\u0119, \u017ce mo\u017cesz j\u0105 rozwi\u0105zywa\u0107! Nie chcia\u0142bym, aby moje 60 letnie ja zepsu\u0142o mi kolejne 20 lat rozwi\u0105zywania zagadki.</p><h4><b>Dlaczego zdecydowa\u0142e\u015b/a\u015b si\u0119 na zostanie programist\u0105?</b></h4><p>Prawie nim nie zosta\u0142em! Nie mam dyplomu z informatyki. Nauk\u0119 programowania rozpocz\u0105\u0142em w liceum dzi\u0119ki mojemu przyjacielowi. Moje programowanie by\u0142o bardzo nieregularne podczas studi\u00f3w i po ich uko\u0144czeniu prawie zacz\u0105\u0142em zupe\u0142nie inn\u0105 prac\u0119. Dzi\u0119ki w\u0142a\u015bnie mojemu przyjacielowi i mojej \u00f3wczesnej bieg\u0142ej znajomo\u015bci j\u0119zyka niemieckiego do\u0142\u0105czy\u0142em do firmy zajmuj\u0105cej si\u0119 oprogramowaniem, kt\u00f3ra potrzebowa\u0142a kogo\u015b kto potrafi\u0142by programowa\u0107 i czyta\u0107 specyfikacje w j\u0119zyku niemieckim \ud83d\ude0a. Dopiero wtedy naprawd\u0119 zakocha\u0142em si\u0119 w in\u017cynierii oprogramowania. Reszta to ju\u017c historia.</p><h4><b>Ulubiony OS?</b></h4><p>OS jest instrumentem. Nie mam szczeg\u00f3lnej sympatii do \u017cadnego z nich. By\u0142em na Windowsie przez d\u0142ugi czas. Pr\u00f3bowa\u0142em prze\u0142\u0105czy\u0107 si\u0119 na Ubuntu, ale nie zadzia\u0142a\u0142o, bo potrzebowa\u0142em w pe\u0142ni funkcjonalnego Biura. Prze\u0142\u0105czy\u0142em si\u0119 na Mac OS, kiedy musia\u0142em budowa\u0107 na iOS i kiedy dosta\u0142em si\u0119 do node.js and all things CLI. Jestem teraz u\u017cytkownikiem komputera Mac, ale jestem gotowy do prze\u0142\u0105czenia si\u0119 z powrotem na Windows teraz, gdy ich terminal dzia\u0142a automatycznie na Linuksie.</p>",
    "content_en": "<p>Pavel is a polyglot technologist with 20 years of diverse experience building and releasing complex software systems and products for the web using Java, C#, Ruby, JavaScript and everything in between. At EPAM Systems Pavel is driving digital technology innovations and R&amp;D aimed at helping EPAM\u2019s customers with their digital transformation efforts.</p><h3>Questions</h3><h4><b>What would you say to your 19-year-old self?</b></h4><p>I would say nothing \ud83d\ude0a Life is the best puzzle there is and each one of us has their own unique edition. Enjoy solving it! I wouldn\u2019t want my 60 years old self to spoil the next 20 years of solving the puzzle for me.</p><h4><b>Why did you decide to become a programmer?</b></h4><p>I almost did not! I don\u2019t have a computer science degree. I got into programming in high school thanks to a friend of mine. My programming was on and off throughout the university. I almost started a very different job after I graduated. Thanks to that same friend of mine and my at the time fluent German, I instead joined a software company who needed someone who could program and read specifications in German \ud83d\ude0a It\u2019s only then when I really fell in love with software engineering. The rest is history.</p><h4><b>What is your favorite OS?</b></h4><p>OS is an instrument. I don\u2019t have a particular allegiance. I was on Windows for a long time. Tried switching to Ubuntu but it didn\u2019t stick because I needed a full functional Office. Switched to Mac OS when I needed to build for iOS and when I got into node.js and all things CLI. I am a Mac user now but am ready to switch back to Windows now that their terminal runs Linux natively.</p>",
    "content_pl": "<p>Pavel jest technologiem poliglot\u0105 z 20-letnim do\u015bwiadczeniem w budowaniu i wypuszczaniu na rynek z\u0142o\u017conych system\u00f3w oprogramowania i produkt\u00f3w dla sieci przy u\u017cyciu Java, C#, Ruby, JavaScript i wszystkiego innego. W EPAM Systems Pavel nap\u0119dza innowacje w zakresie technologii cyfrowych oraz prace badawczo-rozwojowe maj\u0105ce na celu pomoc klientom EPAM w ich pracy nad przekszta\u0142ceniami cyfrowymi.</p><h3>Pytania</h3><h4><b>Jak\u0105 porad\u0119 da\u0142by\u015b 19-letniemu sobie?</b></h4><p>Nie powiedzia\u0142bym nic \ud83d\ude0a. \u017bycie jest najlepsz\u0105 zagadk\u0105, jaka istnieje i ka\u017cdy z nas ma swoje w\u0142asne, niepowtarzalne wydanie. Ciesz si\u0119, \u017ce mo\u017cesz j\u0105 rozwi\u0105zywa\u0107! Nie chcia\u0142bym, aby moje 60 letnie ja zepsu\u0142o mi kolejne 20 lat rozwi\u0105zywania zagadki.</p><h4><b>Dlaczego zdecydowa\u0142e\u015b/a\u015b si\u0119 na zostanie programist\u0105?</b></h4><p>Prawie nim nie zosta\u0142em! Nie mam dyplomu z informatyki. Nauk\u0119 programowania rozpocz\u0105\u0142em w liceum dzi\u0119ki mojemu przyjacielowi. Moje programowanie by\u0142o bardzo nieregularne podczas studi\u00f3w i po ich uko\u0144czeniu prawie zacz\u0105\u0142em zupe\u0142nie inn\u0105 prac\u0119. Dzi\u0119ki w\u0142a\u015bnie mojemu przyjacielowi i mojej \u00f3wczesnej bieg\u0142ej znajomo\u015bci j\u0119zyka niemieckiego do\u0142\u0105czy\u0142em do firmy zajmuj\u0105cej si\u0119 oprogramowaniem, kt\u00f3ra potrzebowa\u0142a kogo\u015b kto potrafi\u0142by programowa\u0107 i czyta\u0107 specyfikacje w j\u0119zyku niemieckim \ud83d\ude0a. Dopiero wtedy naprawd\u0119 zakocha\u0142em si\u0119 w in\u017cynierii oprogramowania. Reszta to ju\u017c historia.</p><h4><b>Ulubiony OS?</b></h4><p>OS jest instrumentem. Nie mam szczeg\u00f3lnej sympatii do \u017cadnego z nich. By\u0142em na Windowsie przez d\u0142ugi czas. Pr\u00f3bowa\u0142em prze\u0142\u0105czy\u0107 si\u0119 na Ubuntu, ale nie zadzia\u0142a\u0142o, bo potrzebowa\u0142em w pe\u0142ni funkcjonalnego Biura. Prze\u0142\u0105czy\u0142em si\u0119 na Mac OS, kiedy musia\u0142em budowa\u0107 na iOS i kiedy dosta\u0142em si\u0119 do node.js and all things CLI. Jestem teraz u\u017cytkownikiem komputera Mac, ale jestem gotowy do prze\u0142\u0105czenia si\u0119 z powrotem na Windows teraz, gdy ich terminal dzia\u0142a automatycznie na Linuksie.</p>"
  }
},
{
  "model": "agenda.speakerindex",
  "pk": 11,
  "fields": {
    "featured_image": null
  }
},
{
  "model": "pages.staticpage",
  "pk": 3,
  "fields": {
    "featured_image": null,
    "content": "[{\"type\": \"paragraph\", \"value\": \"<h2>Lorem ipsum dolor sit amet,</h2><p><i>consectetur adipiscing elit. Proin lobortis magna massa, sed pharetra enim malesuada in. Cras quam ipsum, finibus vitae eros sed, porttitor viverra libero. Orci varius natoque penatibus et magnis dis parturient montes, nascetur ridiculus mus. Lorem ipsum dolor sit amet, consectetur adipiscing elit. Phasellus eget vehicula turpis. Ut dignissim ut nunc vitae hendrerit. Integer arcu sem, pharetra vestibulum nisi vel, facilisis iaculis mauris. Ut rhoncus nibh augue, at porta erat feugiat eget.</i></p><ul><li>In hac habitasse platea dictumst.</li><li>Fusce ornare interdum tortor dictum feugiat.</li><li>Aliquam porta rhoncus diam, eget convallis est pretium sed.</li><li>Fusce in turpis eget arcu fringilla laoreet. Donec quam ex, venenatis quis hendrerit sit amet, pharetra nec massa. Nam tempor enim id risus euismod sodales. Aenean ac pretium metus, in euismod nisl. Praesent et metus erat. Aenean commodo, lorem vitae consequat suscipit, enim tortor ultricies metus, et sodales felis felis vel lorem. Vivamus gravida augue eget feugiat sagittis. Aenean fermentum lectus a tempus maximus. Sed porttitor felis eget tellus convallis, eget commodo libero mollis. Duis eget tincidunt sem, sit amet tempor dolor.</li></ul><p></p><hr/><p></p><p>Donec facilisis, mauris a tincidunt condimentum, magna lorem blandit sapien, vel varius neque nisi ut leo. Sed varius tortor et ipsum sollicitudin aliquet. Nulla neque augue, consectetur at cursus ut, euismod ultrices tellus. Vestibulum eu lacinia mauris, vitae auctor elit. Nulla vitae magna id enim tristique tincidunt non sit amet urna. In vitae tellus ac nunc maximus sollicitudin malesuada at sapien. Aenean purus nunc, viverra non interdum feugiat, convallis in nibh. Pellentesque habitant morbi tristique senectus et netus et malesuada fames ac turpis egestas. In eget mi vitae lectus ullamcorper sagittis et id erat. Nam aliquam porttitor enim, ut molestie erat viverra a. Nam sed felis vel odio tincidunt aliquam.</p><p>Aliquam tincidunt euismod eros volutpat aliquam. Phasellus aliquet velit eget pretium rutrum. Sed fringilla viverra mauris sagittis maximus. Maecenas vestibulum tristique lectus, vel congue purus viverra sed. Ut rutrum porta eros, id gravida mauris efficitur id. Nullam vitae orci lacus. Cras rhoncus massa sed cursus sodales. Donec et magna id ipsum ornare hendrerit. Sed non mauris non odio posuere ornare.</p><p>Suspendisse mauris ipsum, blandit sed efficitur in, commodo sed ante. Morbi ultricies leo ut felis mattis, a commodo lectus consectetur. Praesent in magna elementum, maximus dolor non, pulvinar sem. Nam semper tortor odio. Pellentesque sit amet commodo purus. Suspendisse ut tellus dolor. Phasellus orci nisl, varius vitae velit eu, tincidunt lacinia odio. Pellentesque habitant morbi tristique senectus et netus et malesuada fames ac turpis egestas. Aliquam erat volutpat. Cras commodo turpis quis ipsum ultrices hendrerit quis eget massa.</p>\", \"id\": \"126eb4b8-6007-4752-97f1-4b1048f53dd0\"}]",
    "content_en": "[{\"type\": \"paragraph\", \"value\": \"<h2>Lorem ipsum dolor sit amet,</h2><p><i>consectetur adipiscing elit. Proin lobortis magna massa, sed pharetra enim malesuada in. Cras quam ipsum, finibus vitae eros sed, porttitor viverra libero. Orci varius natoque penatibus et magnis dis parturient montes, nascetur ridiculus mus. Lorem ipsum dolor sit amet, consectetur adipiscing elit. Phasellus eget vehicula turpis. Ut dignissim ut nunc vitae hendrerit. Integer arcu sem, pharetra vestibulum nisi vel, facilisis iaculis mauris. Ut rhoncus nibh augue, at porta erat feugiat eget.</i></p><ul><li>In hac habitasse platea dictumst.</li><li>Fusce ornare interdum tortor dictum feugiat.</li><li>Aliquam porta rhoncus diam, eget convallis est pretium sed.</li><li>Fusce in turpis eget arcu fringilla laoreet. Donec quam ex, venenatis quis hendrerit sit amet, pharetra nec massa. Nam tempor enim id risus euismod sodales. Aenean ac pretium metus, in euismod nisl. Praesent et metus erat. Aenean commodo, lorem vitae consequat suscipit, enim tortor ultricies metus, et sodales felis felis vel lorem. Vivamus gravida augue eget feugiat sagittis. Aenean fermentum lectus a tempus maximus. Sed porttitor felis eget tellus convallis, eget commodo libero mollis. Duis eget tincidunt sem, sit amet tempor dolor.</li></ul><p></p><hr/><p></p><p>Donec facilisis, mauris a tincidunt condimentum, magna lorem blandit sapien, vel varius neque nisi ut leo. Sed varius tortor et ipsum sollicitudin aliquet. Nulla neque augue, consectetur at cursus ut, euismod ultrices tellus. Vestibulum eu lacinia mauris, vitae auctor elit. Nulla vitae magna id enim tristique tincidunt non sit amet urna. In vitae tellus ac nunc maximus sollicitudin malesuada at sapien. Aenean purus nunc, viverra non interdum feugiat, convallis in nibh. Pellentesque habitant morbi tristique senectus et netus et malesuada fames ac turpis egestas. In eget mi vitae lectus ullamcorper sagittis et id erat. Nam aliquam porttitor enim, ut molestie erat viverra a. Nam sed felis vel odio tincidunt aliquam.</p><p>Aliquam tincidunt euismod eros volutpat aliquam. Phasellus aliquet velit eget pretium rutrum. Sed fringilla viverra mauris sagittis maximus. Maecenas vestibulum tristique lectus, vel congue purus viverra sed. Ut rutrum porta eros, id gravida mauris efficitur id. Nullam vitae orci lacus. Cras rhoncus massa sed cursus sodales. Donec et magna id ipsum ornare hendrerit. Sed non mauris non odio posuere ornare.</p><p>Suspendisse mauris ipsum, blandit sed efficitur in, commodo sed ante. Morbi ultricies leo ut felis mattis, a commodo lectus consectetur. Praesent in magna elementum, maximus dolor non, pulvinar sem. Nam semper tortor odio. Pellentesque sit amet commodo purus. Suspendisse ut tellus dolor. Phasellus orci nisl, varius vitae velit eu, tincidunt lacinia odio. Pellentesque habitant morbi tristique senectus et netus et malesuada fames ac turpis egestas. Aliquam erat volutpat. Cras commodo turpis quis ipsum ultrices hendrerit quis eget massa.</p>\", \"id\": \"6d0e73c2-1205-4689-91c3-10e3f829954b\"}]",
    "content_pl": "[{\"type\": \"paragraph\", \"value\": \"<h2>Lorem ipsum dolor sit amet,</h2><p><i>consectetur adipiscing elit. Proin lobortis magna massa, sed pharetra enim malesuada in. Cras quam ipsum, finibus vitae eros sed, porttitor viverra libero. Orci varius natoque penatibus et magnis dis parturient montes, nascetur ridiculus mus. Lorem ipsum dolor sit amet, consectetur adipiscing elit. Phasellus eget vehicula turpis. Ut dignissim ut nunc vitae hendrerit. Integer arcu sem, pharetra vestibulum nisi vel, facilisis iaculis mauris. Ut rhoncus nibh augue, at porta erat feugiat eget.</i></p><ul><li>In hac habitasse platea dictumst.</li><li>Fusce ornare interdum tortor dictum feugiat.</li><li>Aliquam porta rhoncus diam, eget convallis est pretium sed.</li><li>Fusce in turpis eget arcu fringilla laoreet. Donec quam ex, venenatis quis hendrerit sit amet, pharetra nec massa. Nam tempor enim id risus euismod sodales. Aenean ac pretium metus, in euismod nisl. Praesent et metus erat. Aenean commodo, lorem vitae consequat suscipit, enim tortor ultricies metus, et sodales felis felis vel lorem. Vivamus gravida augue eget feugiat sagittis. Aenean fermentum lectus a tempus maximus. Sed porttitor felis eget tellus convallis, eget commodo libero mollis. Duis eget tincidunt sem, sit amet tempor dolor.</li></ul><p></p><hr/><p></p><p>Donec facilisis, mauris a tincidunt condimentum, magna lorem blandit sapien, vel varius neque nisi ut leo. Sed varius tortor et ipsum sollicitudin aliquet. Nulla neque augue, consectetur at cursus ut, euismod ultrices tellus. Vestibulum eu lacinia mauris, vitae auctor elit. Nulla vitae magna id enim tristique tincidunt non sit amet urna. In vitae tellus ac nunc maximus sollicitudin malesuada at sapien. Aenean purus nunc, viverra non interdum feugiat, convallis in nibh. Pellentesque habitant morbi tristique senectus et netus et malesuada fames ac turpis egestas. In eget mi vitae lectus ullamcorper sagittis et id erat. Nam aliquam porttitor enim, ut molestie erat viverra a. Nam sed felis vel odio tincidunt aliquam.</p><p>Aliquam tincidunt euismod eros volutpat aliquam. Phasellus aliquet velit eget pretium rutrum. Sed fringilla viverra mauris sagittis maximus. Maecenas vestibulum tristique lectus, vel congue purus viverra sed. Ut rutrum porta eros, id gravida mauris efficitur id. Nullam vitae orci lacus. Cras rhoncus massa sed cursus sodales. Donec et magna id ipsum ornare hendrerit. Sed non mauris non odio posuere ornare.</p><p>Suspendisse mauris ipsum, blandit sed efficitur in, commodo sed ante. Morbi ultricies leo ut felis mattis, a commodo lectus consectetur. Praesent in magna elementum, maximus dolor non, pulvinar sem. Nam semper tortor odio. Pellentesque sit amet commodo purus. Suspendisse ut tellus dolor. Phasellus orci nisl, varius vitae velit eu, tincidunt lacinia odio. Pellentesque habitant morbi tristique senectus et netus et malesuada fames ac turpis egestas. Aliquam erat volutpat. Cras commodo turpis quis ipsum ultrices hendrerit quis eget massa.</p>\", \"id\": \"126eb4b8-6007-4752-97f1-4b1048f53dd0\"}]"
  }
},
{
  "model": "pages.staticpage",
  "pk": 9,
  "fields": {
    "featured_image": null,
    "content": "[{\"type\": \"paragraph\", \"value\": \"<p>Studencki Festiwal Informatyczny jest mi\\u0119dzynarodow\\u0105 konferencj\\u0105 organizowan\\u0105 od 2005 r. przez student\\u00f3w, dla student\\u00f3w. Co roku, w Krakowie, jednoczy ona pochodz\\u0105cych z ca\\u0142ej Polski informatyk\\u00f3w, a tak\\u017ce wszystkich pasjonat\\u00f3w tej dziedziny, niezale\\u017cnie od ich profesji.</p><p>Konferencja ka\\u017cdorazowo go\\u015bci wybitne i znane w \\u015brodowisku IT osobisto\\u015bci. Uczestnicy maj\\u0105 mo\\u017cliwo\\u015b\\u0107 wys\\u0142ucha\\u0107 prowadzonych przez nich prelekcji, czy wzi\\u0105\\u0107 udzia\\u0142 w warsztatach kszta\\u0142tuj\\u0105cych praktyczne umiej\\u0119tno\\u015bci. R\\u00f3\\u017cnorodno\\u015b\\u0107 poruszanych temat\\u00f3w sprawia, \\u017ce ka\\u017cdy znajdzie tu co\\u015b dla siebie. Jest to jedyna i niepowtarzalna okazja, aby zaczerpn\\u0105\\u0107 nieco z do\\u015bwiadczenia mistrz\\u00f3w, wzbogacaj\\u0105c tym samym w\\u0142asn\\u0105 wiedz\\u0119 teoretyczn\\u0105 nabyt\\u0105 w trakcie studi\\u00f3w.</p><p>Festiwal jest niebywa\\u0142\\u0105 szans\\u0105 na wymian\\u0119 informacji i pogl\\u0105d\\u00f3w z lud\\u017ami dziel\\u0105cymi podobne zainteresowania. Daje mo\\u017cliwo\\u015b\\u0107 nawi\\u0105zania ciekawych znajomo\\u015bci, pozwala wdr\\u0105\\u017cy\\u0107 si\\u0119 bardziej w \\u015brodowisko informatyczne, rozszerza horyzonty, a co najwa\\u017cniejsze-udzia\\u0142 w nim nie kosztuje nic, m\\u00f3wi\\u0105c oczywi\\u015bcie o kwestiach materialnych. Biletem wst\\u0119pu s\\u0105 jedynie pasja i odrobina ch\\u0119ci oraz zainteresowania tematem.</p><p>Kilka dni, kilkana\\u015bcie wyk\\u0142ad\\u00f3w i warsztat\\u00f3w, kilkunastu prelegent\\u00f3w, kilkudziesi\\u0119ciu organizator\\u00f3w, kilka tysi\\u0119cy zadowolonych uczestnik\\u00f3w oraz niezmierzona ilo\\u015b\\u0107 pozytywnych wra\\u017ce\\u0144, emocji i nabytych umiej\\u0119tno\\u015bci-oto ca\\u0142y Studencki Festiwal Informatyczny. Konferencja jedyna w swoim rodzaju, organizowana co roku przez student\\u00f3w, dla student\\u00f3w, non-profit.</p><p>Tego nie mo\\u017cna przegapi\\u0107!</p>\", \"id\": \"e647a00b-d4ce-4fd6-b48c-884e46dd2369\"}]",
    "content_en": "[{\"type\": \"paragraph\", \"value\": \"<p>Academic IT Festival is an international conference organized since 2005 by students, for everyone. Each year in Cracow we gather IT-enthusiasts from the entire country along with people passionate about informatics, regardless of their profession.</p><p>The conference annually hosts distinguished and well-known guests from the entire IT environment. The participants have an unique opportunity to listen to the lectures given by those amazing people and take part in workshops to develop their practical skills. Diversity of the topics allows everybody to find something interesting. It is rare opportunity to meet lots of experts face to face in one place and learn from them.</p><p>The festival gives you a chance to share your knowledge, views, opinions and more, with people with similar interests. It lets you become more aware of the IT world, make new connections, meet interesting people, expand horizons.</p><p>And the best part is \\u2013 it does not cost you a thing!</p><p>Financially speaking, it is absolutely free. The only ticket you will ever need is passion and interest.</p><p>Three days, over a dozen of lectures and lot of speakers. All that for thousands of satisfied participants and uncountable amount of gained skills, positive impressions and emotions. That is what SFI is all about. This conference is one of a kind, organized year after year by students, for students.</p><p>You cannot miss this!</p>\", \"id\": \"0a23f4d0-4b17-422e-914e-b56012e90d56\"}]",
    "content_pl": "[{\"type\": \"paragraph\", \"value\": \"<p>Studencki Festiwal Informatyczny jest mi\\u0119dzynarodow\\u0105 konferencj\\u0105 organizowan\\u0105 od 2005 r. przez student\\u00f3w, dla student\\u00f3w. Co roku, w Krakowie, jednoczy ona pochodz\\u0105cych z ca\\u0142ej Polski informatyk\\u00f3w, a tak\\u017ce wszystkich pasjonat\\u00f3w tej dziedziny, niezale\\u017cnie od ich profesji.</p><p>Konferencja ka\\u017cdorazowo go\\u015bci wybitne i znane w \\u015brodowisku IT osobisto\\u015bci. Uczestnicy maj\\u0105 mo\\u017cliwo\\u015b\\u0107 wys\\u0142ucha\\u0107 prowadzonych przez nich prelekcji, czy wzi\\u0105\\u0107 udzia\\u0142 w warsztatach kszta\\u0142tuj\\u0105cych praktyczne umiej\\u0119tno\\u015bci. R\\u00f3\\u017cnorodno\\u015b\\u0107 poruszanych temat\\u00f3w sprawia, \\u017ce ka\\u017cdy znajdzie tu co\\u015b dla siebie. Jest to jedyna i niepowtarzalna okazja, aby zaczerpn\\u0105\\u0107 nieco z do\\u015bwiadczenia mistrz\\u00f3w, wzbogacaj\\u0105c tym samym w\\u0142asn\\u0105 wiedz\\u0119 teoretyczn\\u0105 nabyt\\u0105 w trakcie studi\\u00f3w.</p><p>Festiwal jest niebywa\\u0142\\u0105 szans\\u0105 na wymian\\u0119 informacji i pogl\\u0105d\\u00f3w z lud\\u017ami dziel\\u0105cymi podobne zainteresowania. Daje mo\\u017cliwo\\u015b\\u0107 nawi\\u0105zania ciekawych znajomo\\u015bci, pozwala wdr\\u0105\\u017cy\\u0107 si\\u0119 bardziej w \\u015brodowisko informatyczne, rozszerza horyzonty, a co najwa\\u017cniejsze-udzia\\u0142 w nim nie kosztuje nic, m\\u00f3wi\\u0105c oczywi\\u015bcie o kwestiach materialnych. Biletem wst\\u0119pu s\\u0105 jedynie pasja i odrobina ch\\u0119ci oraz zainteresowania tematem.</p><p>Kilka dni, kilkana\\u015bcie wyk\\u0142ad\\u00f3w i warsztat\\u00f3w, kilkunastu prelegent\\u00f3w, kilkudziesi\\u0119ciu organizator\\u00f3w, kilka tysi\\u0119cy zadowolonych uczestnik\\u00f3w oraz niezmierzona ilo\\u015b\\u0107 pozytywnych wra\\u017ce\\u0144, emocji i nabytych umiej\\u0119tno\\u015bci-oto ca\\u0142y Studencki Festiwal Informatyczny. Konferencja jedyna w swoim rodzaju, organizowana co roku przez student\\u00f3w, dla student\\u00f3w, non-profit.</p><p>Tego nie mo\\u017cna przegapi\\u0107!</p>\", \"id\": \"e647a00b-d4ce-4fd6-b48c-884e46dd2369\"}]"
  }
},
{
  "model": "pages.staticpage",
  "pk": 10,
  "fields": {
    "featured_image": null,
    "content": "[{\"type\": \"paragraph\", \"value\": \"<h3>Czy udzia\\u0142 w wyk\\u0142adach wymaga rejestracji?</h3><p>Nie, udzia\\u0142 w wyk\\u0142adach podczas SFI nie wymaga wcze\\u015bniejszej rejestracji.</p><h3>Czy udzia\\u0142 w warsztatach wymaga rejestracji?</h3><p>Tak, udzia\\u0142 w warsztatach podczas SFI wymaga wcze\\u015bniejszej rejestracji ze wzgl\\u0119du na ograniczon\\u0105 liczb\\u0119 miejsc. Zapisy zostan\\u0105 og\\u0142oszone na kilka dni przed Festiwalem na naszym Facecbooku: <a href=\\\"https://facebook.com/sfikrakow\\\">http://facebook.com/sfikrakow</a>.</p><h3>Jak d\\u0142ugo trwa jeden wyk\\u0142ad?</h3><p>Standardowo jeden wyk\\u0142ad trwa oko\\u0142o 45 minut. Po ka\\u017cdym wyk\\u0142adzie przewidujemy 15 minut przerwy.</p><h3>Czy mog\\u0119 otrzyma\\u0107 potwierdzenie udzia\\u0142u w konferencji (lub w wybranych warsztatach)?</h3><p>Tak, za\\u015bwiadczenie o uczestnictwie w konferencji, podpisane przez Koordynatora G\\u0142\\u00f3wnego, mo\\u017cna odebra\\u0107 w Biurze Festiwalu. Potwierdzenie udzia\\u0142u w warsztatach wypisywane jest po ich zako\\u0144czeniu i po\\u015bwiadczane przez prowadz\\u0105cego.</p><h3>Czy organizatorzy zapewniaj\\u0105 zwolnienia z zaj\\u0119\\u0107 na uczelni wy\\u017cszej/w szkole \\u015bredniej?</h3><p>Zasady otrzymania pisemnego potwierdzenia uczestnictwa w SFI opisane zosta\\u0142y w punkcie powy\\u017cej, jednak o jego akceptacji jako zwolnienia zawsze decyduje prowadz\\u0105cy zaj\\u0119cia.</p><h3>Mam uwagi co do konferencji \\u2013 jak mog\\u0119 je przekaza\\u0107 organizatorom?</h3><p>Zach\\u0119camy do podzielenia si\\u0119 z nami swoimi uwagami i propozycjami bezpo\\u015brednio w trakcie festiwalu lub pisz\\u0105c na kontakt@sfi.org.pl. B\\u0119dziemy wdzi\\u0119czni za wszelkie wskaz\\u00f3wki!</p><h3>Gdzie mog\\u0119 znale\\u017a\\u0107 aktualne informacje o harmonogramie i prelegentach?</h3><p>Wszystkie informacje znajduj\\u0105 si\\u0119 na naszej stronie internetowej: <a href=\\\"https://sfi.org.pl/\\\">https://sfi.org.pl/</a>.</p><h3>Czy mog\\u0119 robi\\u0107 zdj\\u0119cia, nagrywa\\u0107 filmy z wyk\\u0142ad\\u00f3w/warsztat\\u00f3w?</h3><p>Robienie zdj\\u0119\\u0107 jest dozwolone pod warunkiem zachowania dyskrecji \\u2013 zabrania si\\u0119 u\\u017cywania lamp b\\u0142yskowych, gdy\\u017c mog\\u0105 one rozprasza\\u0107 prelegent\\u00f3w. Nie wszyscy wyk\\u0142adowcy wyra\\u017caj\\u0105 zgod\\u0119 na nagrywanie swoich wyst\\u0105pie\\u0144, dlatego prosimy o powstrzymanie si\\u0119 z filmowaniem na w\\u0142asn\\u0105 r\\u0119k\\u0119. Wyk\\u0142ady zarejestrowane zostan\\u0105 przez osoby uprawnione przez organizator\\u00f3w a wybrane nagrania udost\\u0119pnione na naszym profilu w serwisie YouTube.</p><h3>Gdzie dost\\u0119pne s\\u0105/b\\u0119d\\u0105 nagrania wideo z wyk\\u0142ad\\u00f3w?</h3><p>Wybrane nagrania z wyk\\u0142ad\\u00f3w dost\\u0119pne s\\u0105 na naszym profilu w serwisie YouTube:\\u00a0<a href=\\\"https://www.youtube.com/user/StudenckiFestiwalInf\\\">http://www.youtube.com/user/StudenckiFestiwalInf</a></p><h3>Chcia\\u0142bym sam na sam porozmawia\\u0107 d\\u0142u\\u017cej z prelegentem na temat jego prezentacji \\u2013 czy istnieje taka mo\\u017cliwo\\u015b\\u0107?</h3><p>Postaramy si\\u0119 zorganizowa\\u0107 spokojne miejsce, w kt\\u00f3rym mo\\u017cna zaaran\\u017cowa\\u0107 takie spotkanie, jednak wszystko uzale\\u017cnione jest od woli samego prelegenta. Apelujemy o uszanowanie prywatno\\u015bci naszych wyk\\u0142adowc\\u00f3w, przygotowuj\\u0105cych si\\u0119 do prezentacji b\\u0105d\\u017a odpoczywaj\\u0105cych po swoim wyst\\u0105pieniu i niewchodzenie do sali prelegent\\u00f3w.</p><h3>Chcia\\u0142bym otrzyma\\u0107 koszulk\\u0119 SFI \\u2013 jak mog\\u0119 sta\\u0107 si\\u0119 jej posiadaczem?</h3><p>Mo\\u017cna j\\u0105 zdoby\\u0107 na kilka sposob\\u00f3w \\u2013 bior\\u0105c udzia\\u0142 w konkursach, uczestnicz\\u0105c w wyk\\u0142adach (czasem koszulki rozdawane s\\u0105 pod koniec prelekcji) lub te\\u017c zosta\\u0107 jednym z organizator\\u00f3w festiwalu.</p><h3>Czy w pobli\\u017cu miejsca, w kt\\u00f3rym odbywa si\\u0119 SFI, s\\u0105 jakie\\u015b punkty gastronomiczne warte polecenia?</h3><p>Tak, miejsca gdzie mo\\u017cna smacznie zje\\u015b\\u0107 w okolicach festiwalu zaznaczone zosta\\u0142y na przygotowanej przez nas mapce. Mo\\u017cna j\\u0105 znale\\u017a\\u0107 w ulotce, kt\\u00f3r\\u0105 otrzymasz w recepcji Festiwalu.</p><h3>Czy na terenie SFI mog\\u0119 pod\\u0142adowa\\u0107 sobie telefon/laptopa?</h3><p>Tak, takie miejsca b\\u0119d\\u0105 odpowiednio oznaczone. Dost\\u0119p do pr\\u0105du zapewnimy r\\u00f3wnie\\u017c w salach, w kt\\u00f3rych b\\u0119d\\u0105 odbywa\\u0142y si\\u0119 warsztaty.</p><h3>Zgubi\\u0142em/znalaz\\u0142em co\\u015b na SFI, jak mog\\u0119 spr\\u00f3bowa\\u0107 to odzyska\\u0107 lub gdzie mam przekaza\\u0107 zgub\\u0119?</h3><p>Prosimy o kontakt z recepcj\\u0105 Festiwalu.</p><h3>Czy na terenie Festiwalu jest dost\\u0119pny darmowy Internet?</h3><p>Oczywi\\u015bcie, dla uczestnik\\u00f3w przygotujemy specjaln\\u0105 sie\\u0107 wi-fi.</p>\", \"id\": \"05c4c9ef-437b-4235-803b-baffd3439341\"}]",
    "content_en": "[{\"type\": \"paragraph\", \"value\": \"<h3>Do I need to register for lectures?</h3><p>No, participation in lectures at SFI does not require any prior registration.</p><h3>Do I need to register for workshops?</h3><p>Yes, participation in workshops at SFI does require prior registration due to the limited number of participants. Registration will be announced a few days before the Festival on our Facebook page: facebook.com/sfikrakow.</p><h3>Can I get a confirmation of participation in the Conference (workshop)?</h3><p>Confirmations of participation in the Conference, signed by the Lead Coordinator, can be obtained at the SFI front desk during the event.<br/>Confirmations of participation in a specific workshop, signed by the teacher, are handed out after the workshop.</p><h3>Can you provide me with an excused absence from classes for either University or lower levels school?</h3><p>You can get a confirmation of participation, mentioned above. However, it depends entirely on your teachers, whether or not it counts as an excused absence.</p><h3>I have comments about SFI, how can I share them with the organizers?</h3><p>We encourage you to share them with us in person during SFI. You can also send them to us via the contact form below. We will be happy to receive any comments so that we can improve SFI together.</p><h3>Where can I find up-to-date info about the program and the speakers?</h3><p>All this information can be found on Our website: https://www.sfi.org.pl/.</p><h3>Can I take photos or record lectures or workshops?</h3><p>Taking photos is allowed as long as you do it discreetly \\u2013 do not disturb the lecture/workshop, so no flash or loud sounds. Not all of the speakers give consent for the recording of their presentations. We politely ask you to refrain from recording videos during SFI to respect the privacy and requests of our presenters. Lectures will be recorded by those who have explicit permissions from the organizers and then shared on our YouTube.</p><h3>Where are/will be available the recordings of the lectures?</h3><p>Selected recordings will be uploaded to our YouTube profile: http://www.youtube.com/user/StudenckiFestiwalInf</p><h3>I\\u2019d like to talk to a speaker about his presentation \\u2013 is there such a possibility?</h3><p>We will try to create a calm place for such conversation, however, it depends entirely on the speaker. Above all, we ask you to respect the privacy of our speakers who are either preparing to or relaxing after their lectures and do not interrupt them in the Speakers\\u2019 room.</p><h3>I want to get my hands on SFI T-shirt, how do I do that?</h3><p>There are a few ways you can come across an SFI T-shirt. You can take part in any of our contests, attend the lectures (sometimes we give out shirts at the end) or join us and become an Organizer!</p><h3>Are there any restaurants near the SFI venue?</h3><p>Yes, there is a couple of places near SFI where you can grab a bite. You can get more accurate information by checking out our map, available in the SFI-leaflets handed out at the SFI front desk.</p><h3>I need power! Where can I charge my mobile/laptop?</h3><p>There will be marked places on SFI intended for this purpose.<br/>Power will be also available in workshop classrooms.</p><h3>I\\u2019ve found/lost something on SFI, what to do next?</h3><p>Please contact the SFI front desk.</p><h3>I need free wi-fi.</h3><p>We will prepare free wi-fi for participants, details on site.</p>\", \"id\": \"07fd477e-d0fc-48c3-947e-9393698de8b9\"}]",
    "content_pl": "[{\"type\": \"paragraph\", \"value\": \"<h3>Czy udzia\\u0142 w wyk\\u0142adach wymaga rejestracji?</h3><p>Nie, udzia\\u0142 w wyk\\u0142adach podczas SFI nie wymaga wcze\\u015bniejszej rejestracji.</p><h3>Czy udzia\\u0142 w warsztatach wymaga rejestracji?</h3><p>Tak, udzia\\u0142 w warsztatach podczas SFI wymaga wcze\\u015bniejszej rejestracji ze wzgl\\u0119du na ograniczon\\u0105 liczb\\u0119 miejsc. Zapisy zostan\\u0105 og\\u0142oszone na kilka dni przed Festiwalem na naszym Facecbooku: <a href=\\\"https://facebook.com/sfikrakow\\\">http://facebook.com/sfikrakow</a>.</p><h3>Jak d\\u0142ugo trwa jeden wyk\\u0142ad?</h3><p>Standardowo jeden wyk\\u0142ad trwa oko\\u0142o 45 minut. Po ka\\u017cdym wyk\\u0142adzie przewidujemy 15 minut przerwy.</p><h3>Czy mog\\u0119 otrzyma\\u0107 potwierdzenie udzia\\u0142u w konferencji (lub w wybranych warsztatach)?</h3><p>Tak, za\\u015bwiadczenie o uczestnictwie w konferencji, podpisane przez Koordynatora G\\u0142\\u00f3wnego, mo\\u017cna odebra\\u0107 w Biurze Festiwalu. Potwierdzenie udzia\\u0142u w warsztatach wypisywane jest po ich zako\\u0144czeniu i po\\u015bwiadczane przez prowadz\\u0105cego.</p><h3>Czy organizatorzy zapewniaj\\u0105 zwolnienia z zaj\\u0119\\u0107 na uczelni wy\\u017cszej/w szkole \\u015bredniej?</h3><p>Zasady otrzymania pisemnego potwierdzenia uczestnictwa w SFI opisane zosta\\u0142y w punkcie powy\\u017cej, jednak o jego akceptacji jako zwolnienia zawsze decyduje prowadz\\u0105cy zaj\\u0119cia.</p><h3>Mam uwagi co do konferencji \\u2013 jak mog\\u0119 je przekaza\\u0107 organizatorom?</h3><p>Zach\\u0119camy do podzielenia si\\u0119 z nami swoimi uwagami i propozycjami bezpo\\u015brednio w trakcie festiwalu lub pisz\\u0105c na kontakt@sfi.org.pl. B\\u0119dziemy wdzi\\u0119czni za wszelkie wskaz\\u00f3wki!</p><h3>Gdzie mog\\u0119 znale\\u017a\\u0107 aktualne informacje o harmonogramie i prelegentach?</h3><p>Wszystkie informacje znajduj\\u0105 si\\u0119 na naszej stronie internetowej: <a href=\\\"https://sfi.org.pl/\\\">https://sfi.org.pl/</a>.</p><h3>Czy mog\\u0119 robi\\u0107 zdj\\u0119cia, nagrywa\\u0107 filmy z wyk\\u0142ad\\u00f3w/warsztat\\u00f3w?</h3><p>Robienie zdj\\u0119\\u0107 jest dozwolone pod warunkiem zachowania dyskrecji \\u2013 zabrania si\\u0119 u\\u017cywania lamp b\\u0142yskowych, gdy\\u017c mog\\u0105 one rozprasza\\u0107 prelegent\\u00f3w. Nie wszyscy wyk\\u0142adowcy wyra\\u017caj\\u0105 zgod\\u0119 na nagrywanie swoich wyst\\u0105pie\\u0144, dlatego prosimy o powstrzymanie si\\u0119 z filmowaniem na w\\u0142asn\\u0105 r\\u0119k\\u0119. Wyk\\u0142ady zarejestrowane zostan\\u0105 przez osoby uprawnione przez organizator\\u00f3w a wybrane nagrania udost\\u0119pnione na naszym profilu w serwisie YouTube.</p><h3>Gdzie dost\\u0119pne s\\u0105/b\\u0119d\\u0105 nagrania wideo z wyk\\u0142ad\\u00f3w?</h3><p>Wybrane nagrania z wyk\\u0142ad\\u00f3w dost\\u0119pne s\\u0105 na naszym profilu w serwisie YouTube:\\u00a0<a href=\\\"https://www.youtube.com/user/StudenckiFestiwalInf\\\">http://www.youtube.com/user/StudenckiFestiwalInf</a></p><h3>Chcia\\u0142bym sam na sam porozmawia\\u0107 d\\u0142u\\u017cej z prelegentem na temat jego prezentacji \\u2013 czy istnieje taka mo\\u017cliwo\\u015b\\u0107?</h3><p>Postaramy si\\u0119 zorganizowa\\u0107 spokojne miejsce, w kt\\u00f3rym mo\\u017cna zaaran\\u017cowa\\u0107 takie spotkanie, jednak wszystko uzale\\u017cnione jest od woli samego prelegenta. Apelujemy o uszanowanie prywatno\\u015bci naszych wyk\\u0142adowc\\u00f3w, przygotowuj\\u0105cych si\\u0119 do prezentacji b\\u0105d\\u017a odpoczywaj\\u0105cych po swoim wyst\\u0105pieniu i niewchodzenie do sali prelegent\\u00f3w.</p><h3>Chcia\\u0142bym otrzyma\\u0107 koszulk\\u0119 SFI \\u2013 jak mog\\u0119 sta\\u0107 si\\u0119 jej posiadaczem?</h3><p>Mo\\u017cna j\\u0105 zdoby\\u0107 na kilka sposob\\u00f3w \\u2013 bior\\u0105c udzia\\u0142 w konkursach, uczestnicz\\u0105c w wyk\\u0142adach (czasem koszulki rozdawane s\\u0105 pod koniec prelekcji) lub te\\u017c zosta\\u0107 jednym z organizator\\u00f3w festiwalu.</p><h3>Czy w pobli\\u017cu miejsca, w kt\\u00f3rym odbywa si\\u0119 SFI, s\\u0105 jakie\\u015b punkty gastronomiczne warte polecenia?</h3><p>Tak, miejsca gdzie mo\\u017cna smacznie zje\\u015b\\u0107 w okolicach festiwalu zaznaczone zosta\\u0142y na przygotowanej przez nas mapce. Mo\\u017cna j\\u0105 znale\\u017a\\u0107 w ulotce, kt\\u00f3r\\u0105 otrzymasz w recepcji Festiwalu.</p><h3>Czy na terenie SFI mog\\u0119 pod\\u0142adowa\\u0107 sobie telefon/laptopa?</h3><p>Tak, takie miejsca b\\u0119d\\u0105 odpowiednio oznaczone. Dost\\u0119p do pr\\u0105du zapewnimy r\\u00f3wnie\\u017c w salach, w kt\\u00f3rych b\\u0119d\\u0105 odbywa\\u0142y si\\u0119 warsztaty.</p><h3>Zgubi\\u0142em/znalaz\\u0142em co\\u015b na SFI, jak mog\\u0119 spr\\u00f3bowa\\u0107 to odzyska\\u0107 lub gdzie mam przekaza\\u0107 zgub\\u0119?</h3><p>Prosimy o kontakt z recepcj\\u0105 Festiwalu.</p><h3>Czy na terenie Festiwalu jest dost\\u0119pny darmowy Internet?</h3><p>Oczywi\\u015bcie, dla uczestnik\\u00f3w przygotujemy specjaln\\u0105 sie\\u0107 wi-fi.</p>\", \"id\": \"05c4c9ef-437b-4235-803b-baffd3439341\"}]"
  }
},
{
  "model": "wagtailcore.page",
  "pk": 1,
  "fields": {
    "path": "0001",
    "depth": 1,
    "numchild": 1,
    "title": "Root",
    "title_en": null,
    "title_pl": "Root",
    "draft_title": "Root",
    "slug": "root",
    "slug_en": null,
    "slug_pl": "root",
    "content_type": 1,
    "live": true,
    "has_unpublished_changes": false,
    "url_path": "/",
    "url_path_en": null,
    "url_path_pl": "/",
    "owner": null,
    "seo_title": "",
    "seo_title_en": null,
    "seo_title_pl": "",
    "show_in_menus": false,
    "search_description": "",
    "search_description_en": null,
    "search_description_pl": "",
    "go_live_at": null,
    "expire_at": null,
    "expired": false,
    "locked": false,
    "locked_at": null,
    "locked_by": null,
    "first_published_at": null,
    "last_published_at": null,
    "latest_revision_created_at": null,
    "live_revision": null
  }
},
{
  "model": "wagtailcore.page",
  "pk": 3,
  "fields": {
    "path": "00010001",
    "depth": 2,
    "numchild": 5,
    "title": "Strona g\u0142\u00f3wna",
    "title_en": "Home",
    "title_pl": "Strona g\u0142\u00f3wna",
    "draft_title": "Home",
    "slug": "home",
    "slug_en": "home",
    "slug_pl": "home",
    "content_type": 3,
    "live": true,
    "has_unpublished_changes": false,
    "url_path": "/home/",
    "url_path_en": "/home/",
    "url_path_pl": "/home/",
    "owner": null,
    "seo_title": "",
    "seo_title_en": null,
    "seo_title_pl": null,
    "show_in_menus": false,
    "search_description": "",
    "search_description_en": "",
    "search_description_pl": "",
    "go_live_at": null,
    "expire_at": null,
    "expired": false,
    "locked": false,
    "locked_at": null,
    "locked_by": null,
    "first_published_at": "2020-05-04T17:52:27.055Z",
    "last_published_at": "2020-05-04T17:52:42.049Z",
    "latest_revision_created_at": "2020-05-04T17:52:42.024Z",
    "live_revision": 2
  }
},
{
  "model": "wagtailcore.page",
  "pk": 4,
  "fields": {
    "path": "000100010001",
    "depth": 3,
    "numchild": 4,
    "title": "Aktualno\u015bci",
    "title_en": "News",
    "title_pl": "Aktualno\u015bci",
    "draft_title": "News",
    "slug": "aktualnosci",
    "slug_en": "news",
    "slug_pl": "aktualnosci",
    "content_type": 26,
    "live": true,
    "has_unpublished_changes": false,
    "url_path": "/home/aktualnosci/",
    "url_path_en": "/home/news/",
    "url_path_pl": "/home/aktualnosci/",
    "owner": 1,
    "seo_title": "",
    "seo_title_en": null,
    "seo_title_pl": null,
    "show_in_menus": false,
    "search_description": "",
    "search_description_en": "",
    "search_description_pl": "",
    "go_live_at": null,
    "expire_at": null,
    "expired": false,
    "locked": false,
    "locked_at": null,
    "locked_by": null,
    "first_published_at": "2020-05-04T17:54:50.117Z",
    "last_published_at": "2020-05-04T17:54:50.117Z",
    "latest_revision_created_at": "2020-05-04T17:54:50.095Z",
    "live_revision": 3
  }
},
{
  "model": "wagtailcore.page",
  "pk": 5,
  "fields": {
    "path": "0001000100010001",
    "depth": 4,
    "numchild": 0,
    "title": "Podcast z dr Ann\u0105 Chrobry \u2013 dodatkowe materia\u0142y",
    "title_en": "Podcast z dr Ann\u0105 Chrobry \u2013 dodatkowe materia\u0142y",
    "title_pl": "Podcast z dr Ann\u0105 Chrobry \u2013 dodatkowe materia\u0142y",
    "draft_title": "Podcast z dr Ann\u0105 Chrobry \u2013 dodatkowe materia\u0142y",
    "slug": "podcast-z-dr-anna-chrobry-dodatkowe-materialy",
    "slug_en": "podcast-z-dr-anna-chrobry-dodatkowe-materialy",
    "slug_pl": "podcast-z-dr-anna-chrobry-dodatkowe-materialy",
    "content_type": 27,
    "live": true,
    "has_unpublished_changes": false,
    "url_path": "/home/aktualnosci/podcast-z-dr-anna-chrobry-dodatkowe-materialy/",
    "url_path_en": "/home/news/podcast-z-dr-anna-chrobry-dodatkowe-materialy/",
    "url_path_pl": "/home/aktualnosci/podcast-z-dr-anna-chrobry-dodatkowe-materialy/",
    "owner": 1,
    "seo_title": "",
    "seo_title_en": null,
    "seo_title_pl": null,
    "show_in_menus": false,
    "search_description": "",
    "search_description_en": "",
    "search_description_pl": "",
    "go_live_at": null,
    "expire_at": null,
    "expired": false,
    "locked": false,
    "locked_at": null,
    "locked_by": null,
    "first_published_at": "2020-05-04T17:55:33.848Z",
    "last_published_at": "2020-05-04T17:55:33.848Z",
    "latest_revision_created_at": "2020-05-04T17:55:33.824Z",
    "live_revision": 4
  }
},
{
  "model": "wagtailcore.page",
  "pk": 6,
  "fields": {
    "path": "0001000100010002",
    "depth": 4,
    "numchild": 0,
    "title": "SFI Podcasty!",
    "title_en": "SFI Podcasty!",
    "title_pl": "SFI Podcasty!",
    "draft_title": "SFI Podcasty!",
    "slug": "sfi-podcasty",
    "slug_en": "sfi-podcasty",
    "slug_pl": "sfi-podcasty",
    "content_type": 27,
    "live": true,
    "has_unpublished_changes": false,
    "url_path": "/home/aktualnosci/sfi-podcasty/",
    "url_path_en": "/home/news/sfi-podcasty/",
    "url_path_pl": "/home/aktualnosci/sfi-podcasty/",
    "owner": 1,
    "seo_title": "",
    "seo_title_en": null,
    "seo_title_pl": null,
    "show_in_menus": false,
    "search_description": "",
    "search_description_en": "",
    "search_description_pl": "",
    "go_live_at": null,
    "expire_at": null,
    "expired": false,
    "locked": false,
    "locked_at": null,
    "locked_by": null,
    "first_published_at": "2020-05-04T17:56:09.085Z",
    "last_published_at": "2020-05-04T17:56:09.085Z",
    "latest_revision_created_at": "2020-05-04T17:56:09.061Z",
    "live_revision": 5
  }
},
{
  "model": "wagtailcore.page",
  "pk": 7,
  "fields": {
    "path": "0001000100010003",
    "depth": 4,
    "numchild": 0,
    "title": "16.SFI przeniesione na pa\u017adziernik 2020",
    "title_en": "16.SFI przeniesione na pa\u017adziernik 2020",
    "title_pl": "16.SFI przeniesione na pa\u017adziernik 2020",
    "draft_title": "16.SFI przeniesione na pa\u017adziernik 2020",
    "slug": "16sfi-przeniesione-na-pazdziernik-2020",
    "slug_en": "16sfi-przeniesione-na-pazdziernik-2020",
    "slug_pl": "16sfi-przeniesione-na-pazdziernik-2020",
    "content_type": 27,
    "live": true,
    "has_unpublished_changes": false,
    "url_path": "/home/aktualnosci/16sfi-przeniesione-na-pazdziernik-2020/",
    "url_path_en": "/home/news/16sfi-przeniesione-na-pazdziernik-2020/",
    "url_path_pl": "/home/aktualnosci/16sfi-przeniesione-na-pazdziernik-2020/",
    "owner": 1,
    "seo_title": "",
    "seo_title_en": null,
    "seo_title_pl": null,
    "show_in_menus": false,
    "search_description": "",
    "search_description_en": "",
    "search_description_pl": "",
    "go_live_at": null,
    "expire_at": null,
    "expired": false,
    "locked": false,
    "locked_at": null,
    "locked_by": null,
    "first_published_at": "2020-05-04T17:56:24.582Z",
    "last_published_at": "2020-05-04T17:56:24.582Z",
    "latest_revision_created_at": "2020-05-04T17:56:24.557Z",
    "live_revision": 6
  }
},
{
  "model": "wagtailcore.page",
  "pk": 8,
  "fields": {
    "path": "0001000100010004",
    "depth": 4,
    "numchild": 0,
    "title": "Zapisy na warsztaty",
    "title_en": "Zapisy na warsztaty",
    "title_pl": "Zapisy na warsztaty",
    "draft_title": "Zapisy na warsztaty",
    "slug": "zapisy-na-warsztaty",
    "slug_en": "zapisy-na-warsztaty",
    "slug_pl": "zapisy-na-warsztaty",
    "content_type": 27,
    "live": true,
    "has_unpublished_changes": false,
    "url_path": "/home/aktualnosci/zapisy-na-warsztaty/",
    "url_path_en": "/home/news/zapisy-na-warsztaty/",
    "url_path_pl": "/home/aktualnosci/zapisy-na-warsztaty/",
    "owner": 1,
    "seo_title": "",
    "seo_title_en": null,
    "seo_title_pl": null,
    "show_in_menus": false,
    "search_description": "",
    "search_description_en": "",
    "search_description_pl": "",
    "go_live_at": null,
    "expire_at": null,
    "expired": false,
    "locked": false,
    "locked_at": null,
    "locked_by": null,
    "first_published_at": "2020-05-04T17:57:43.484Z",
    "last_published_at": "2020-05-04T17:57:43.484Z",
    "latest_revision_created_at": "2020-05-04T17:57:43.460Z",
    "live_revision": 7
  }
},
{
  "model": "wagtailcore.page",
  "pk": 9,
  "fields": {
    "path": "000100010002",
    "depth": 3,
    "numchild": 0,
    "title": "O nas",
    "title_en": "About SFI",
    "title_pl": "O nas",
    "draft_title": "About SFI",
    "slug": "o-nas",
    "slug_en": "about-sfi",
    "slug_pl": "o-nas",
    "content_type": 3,
    "live": true,
    "has_unpublished_changes": false,
    "url_path": "/home/o-nas/",
    "url_path_en": "/home/about-sfi/",
    "url_path_pl": "/home/o-nas/",
    "owner": 1,
    "seo_title": "",
    "seo_title_en": null,
    "seo_title_pl": null,
    "show_in_menus": false,
    "search_description": "",
    "search_description_en": "",
    "search_description_pl": "",
    "go_live_at": null,
    "expire_at": null,
    "expired": false,
    "locked": false,
    "locked_at": null,
    "locked_by": null,
    "first_published_at": "2020-05-04T17:58:57.384Z",
    "last_published_at": "2020-05-04T17:58:57.384Z",
    "latest_revision_created_at": "2020-05-04T17:58:57.360Z",
    "live_revision": 8
  }
},
{
  "model": "wagtailcore.page",
  "pk": 10,
  "fields": {
    "path": "000100010003",
    "depth": 3,
    "numchild": 0,
    "title": "FAQ",
    "title_en": "FAQ",
    "title_pl": "FAQ",
    "draft_title": "FAQ",
    "slug": "faq",
    "slug_en": "faq",
    "slug_pl": "faq",
    "content_type": 3,
    "live": true,
    "has_unpublished_changes": false,
    "url_path": "/home/faq/",
    "url_path_en": "/home/faq/",
    "url_path_pl": "/home/faq/",
    "owner": 1,
    "seo_title": "",
    "seo_title_en": null,
    "seo_title_pl": null,
    "show_in_menus": false,
    "search_description": "",
    "search_description_en": "",
    "search_description_pl": "",
    "go_live_at": null,
    "expire_at": null,
    "expired": false,
    "locked": false,
    "locked_at": null,
    "locked_by": null,
    "first_published_at": "2020-05-04T18:00:14.525Z",
    "last_published_at": "2020-05-04T18:00:14.525Z",
    "latest_revision_created_at": "2020-05-04T18:00:14.496Z",
    "live_revision": 9
  }
},
{
  "model": "wagtailcore.page",
  "pk": 11,
  "fields": {
    "path": "000100010004",
    "depth": 3,
    "numchild": 2,
    "title": "Prelegenci",
    "title_en": "Speakers",
    "title_pl": "Prelegenci",
    "draft_title": "Speakers",
    "slug": "prelegenci",
    "slug_en": "speakers",
    "slug_pl": "prelegenci",
    "content_type": 28,
    "live": true,
    "has_unpublished_changes": false,
    "url_path": "/home/prelegenci/",
    "url_path_en": "/home/speakers/",
    "url_path_pl": "/home/prelegenci/",
    "owner": 1,
    "seo_title": "",
    "seo_title_en": null,
    "seo_title_pl": null,
    "show_in_menus": false,
    "search_description": "",
    "search_description_en": "",
    "search_description_pl": "",
    "go_live_at": null,
    "expire_at": null,
    "expired": false,
    "locked": false,
    "locked_at": null,
    "locked_by": null,
    "first_published_at": "2020-05-04T18:01:14.413Z",
    "last_published_at": "2020-05-04T18:01:14.413Z",
    "latest_revision_created_at": "2020-05-04T18:01:14.389Z",
    "live_revision": 10
  }
},
{
  "model": "wagtailcore.page",
  "pk": 12,
  "fields": {
    "path": "0001000100040001",
    "depth": 4,
    "numchild": 0,
    "title": "Grzegorz Herman",
    "title_en": "Grzegorz Herman",
    "title_pl": "Grzegorz Herman",
    "draft_title": "Grzegorz Herman",
    "slug": "grzegorz-herman",
    "slug_en": "grzegorz-herman",
    "slug_pl": "grzegorz-herman",
    "content_type": 30,
    "live": true,
    "has_unpublished_changes": false,
    "url_path": "/home/prelegenci/grzegorz-herman/",
    "url_path_en": "/home/speakers/grzegorz-herman/",
    "url_path_pl": "/home/prelegenci/grzegorz-herman/",
    "owner": 1,
    "seo_title": "",
    "seo_title_en": null,
    "seo_title_pl": null,
    "show_in_menus": false,
    "search_description": "",
    "search_description_en": "",
    "search_description_pl": "",
    "go_live_at": null,
    "expire_at": null,
    "expired": false,
    "locked": false,
    "locked_at": null,
    "locked_by": null,
    "first_published_at": "2020-05-04T18:02:19.316Z",
    "last_published_at": "2020-05-04T18:02:19.316Z",
    "latest_revision_created_at": "2020-05-04T18:02:19.286Z",
    "live_revision": 11
  }
},
{
  "model": "wagtailcore.page",
  "pk": 13,
  "fields": {
    "path": "0001000100040002",
    "depth": 4,
    "numchild": 0,
    "title": "Pavel Veller",
    "title_en": "Pavel Veller",
    "title_pl": "Pavel Veller",
    "draft_title": "Pavel Veller",
    "slug": "pavel-veller",
    "slug_en": "pavel-veller",
    "slug_pl": "pavel-veller",
    "content_type": 30,
    "live": true,
    "has_unpublished_changes": false,
    "url_path": "/home/prelegenci/pavel-veller/",
    "url_path_en": "/home/speakers/pavel-veller/",
    "url_path_pl": "/home/prelegenci/pavel-veller/",
    "owner": 1,
    "seo_title": "",
    "seo_title_en": null,
    "seo_title_pl": null,
    "show_in_menus": false,
    "search_description": "",
    "search_description_en": "",
    "search_description_pl": "",
    "go_live_at": null,
    "expire_at": null,
    "expired": false,
    "locked": false,
    "locked_at": null,
    "locked_by": null,
    "first_published_at": "2020-05-04T18:02:48.927Z",
    "last_published_at": "2020-05-04T18:02:48.927Z",
    "latest_revision_created_at": "2020-05-04T18:02:48.902Z",
    "live_revision": 12
  }
},
{
  "model": "wagtailcore.page",
  "pk": 14,
  "fields": {
    "path": "000100010005",
    "depth": 3,
    "numchild": 1,
    "title": "Edycje",
    "title_en": "Edition",
    "title_pl": "Edycje",
    "draft_title": "Edition",
    "slug": "edycje",
    "slug_en": "edition",
    "slug_pl": "edycje",
    "content_type": 32,
    "live": true,
    "has_unpublished_changes": false,
    "url_path": "/home/edycje/",
    "url_path_en": "/home/edition/",
    "url_path_pl": "/home/edycje/",
    "owner": 1,
    "seo_title": "",
    "seo_title_en": null,
    "seo_title_pl": null,
    "show_in_menus": false,
    "search_description": "",
    "search_description_en": "",
    "search_description_pl": "",
    "go_live_at": null,
    "expire_at": null,
    "expired": false,
    "locked": false,
    "locked_at": null,
    "locked_by": null,
    "first_published_at": "2020-05-04T18:04:34.364Z",
    "last_published_at": "2020-05-04T18:04:34.364Z",
    "latest_revision_created_at": "2020-05-04T18:04:34.339Z",
    "live_revision": 13
  }
},
{
  "model": "wagtailcore.page",
  "pk": 15,
  "fields": {
    "path": "0001000100050001",
    "depth": 4,
    "numchild": 2,
    "title": "16",
    "title_en": "16",
    "title_pl": "16",
    "draft_title": "16",
    "slug": "16",
    "slug_en": "16",
    "slug_pl": "16",
    "content_type": 33,
    "live": true,
    "has_unpublished_changes": false,
    "url_path": "/home/edycje/16/",
    "url_path_en": "/home/edition/16/",
    "url_path_pl": "/home/edycje/16/",
    "owner": 1,
    "seo_title": "",
    "seo_title_en": null,
    "seo_title_pl": null,
    "show_in_menus": false,
    "search_description": "",
    "search_description_en": "",
    "search_description_pl": "",
    "go_live_at": null,
    "expire_at": null,
    "expired": false,
    "locked": false,
    "locked_at": null,
    "locked_by": null,
    "first_published_at": "2020-05-04T18:05:16.815Z",
    "last_published_at": "2020-05-04T18:05:16.815Z",
    "latest_revision_created_at": "2020-05-04T18:05:16.794Z",
    "live_revision": 14
  }
},
{
  "model": "wagtailcore.page",
  "pk": 16,
  "fields": {
    "path": "00010001000500010001",
    "depth": 5,
    "numchild": 2,
    "title": "\u015aciezki",
    "title_en": "Paths",
    "title_pl": "\u015aciezki",
    "draft_title": "Paths",
    "slug": "sciezki",
    "slug_en": "paths",
    "slug_pl": "sciezki",
    "content_type": 34,
    "live": true,
    "has_unpublished_changes": false,
    "url_path": "/home/edycje/16/sciezki/",
    "url_path_en": "/home/edition/16/paths/",
    "url_path_pl": "/home/edycje/16/sciezki/",
    "owner": 1,
    "seo_title": "",
    "seo_title_en": null,
    "seo_title_pl": null,
    "show_in_menus": false,
    "search_description": "",
    "search_description_en": "",
    "search_description_pl": "",
    "go_live_at": null,
    "expire_at": null,
    "expired": false,
    "locked": false,
    "locked_at": null,
    "locked_by": null,
    "first_published_at": "2020-05-04T18:05:39.074Z",
    "last_published_at": "2020-05-04T18:05:39.074Z",
    "latest_revision_created_at": "2020-05-04T18:05:39.051Z",
    "live_revision": 15
  }
},
{
  "model": "wagtailcore.page",
  "pk": 17,
  "fields": {
    "path": "000100010005000100010001",
    "depth": 6,
    "numchild": 0,
    "title": "Sztuczna Inteligencja",
    "title_en": "AI",
    "title_pl": "Sztuczna Inteligencja",
    "draft_title": "AI",
    "slug": "sztuczna-inteligencja",
    "slug_en": "ai",
    "slug_pl": "sztuczna-inteligencja",
    "content_type": 29,
    "live": true,
    "has_unpublished_changes": false,
    "url_path": "/home/edycje/16/sciezki/sztuczna-inteligencja/",
    "url_path_en": "/home/edition/16/paths/ai/",
    "url_path_pl": "/home/edycje/16/sciezki/sztuczna-inteligencja/",
    "owner": 1,
    "seo_title": "",
    "seo_title_en": null,
    "seo_title_pl": null,
    "show_in_menus": false,
    "search_description": "",
    "search_description_en": "",
    "search_description_pl": "",
    "go_live_at": null,
    "expire_at": null,
    "expired": false,
    "locked": false,
    "locked_at": null,
    "locked_by": null,
    "first_published_at": "2020-05-04T18:06:17.009Z",
    "last_published_at": "2020-05-04T18:06:17.009Z",
    "latest_revision_created_at": "2020-05-04T18:06:16.987Z",
    "live_revision": 16
  }
},
{
  "model": "wagtailcore.page",
  "pk": 18,
  "fields": {
    "path": "000100010005000100010002",
    "depth": 6,
    "numchild": 0,
    "title": "Programowanie",
    "title_en": "Software development",
    "title_pl": "Programowanie",
    "draft_title": "Software development",
    "slug": "programowanie",
    "slug_en": "software-development",
    "slug_pl": "programowanie",
    "content_type": 29,
    "live": true,
    "has_unpublished_changes": false,
    "url_path": "/home/edycje/16/sciezki/programowanie/",
    "url_path_en": "/home/edition/16/paths/software-development/",
    "url_path_pl": "/home/edycje/16/sciezki/programowanie/",
    "owner": 1,
    "seo_title": "",
    "seo_title_en": null,
    "seo_title_pl": null,
    "show_in_menus": false,
    "search_description": "",
    "search_description_en": "",
    "search_description_pl": "",
    "go_live_at": null,
    "expire_at": null,
    "expired": false,
    "locked": false,
    "locked_at": null,
    "locked_by": null,
    "first_published_at": "2020-05-04T18:06:50.180Z",
    "last_published_at": "2020-05-04T18:06:50.180Z",
    "latest_revision_created_at": "2020-05-04T18:06:50.149Z",
    "live_revision": 17
  }
},
{
  "model": "wagtailcore.page",
  "pk": 19,
  "fields": {
    "path": "00010001000500010002",
    "depth": 5,
    "numchild": 2,
    "title": "Wydarzenia",
    "title_en": "Events",
    "title_pl": "Wydarzenia",
    "draft_title": "Events",
    "slug": "wydarzenia",
    "slug_en": "events",
    "slug_pl": "wydarzenia",
    "content_type": 35,
    "live": true,
    "has_unpublished_changes": false,
    "url_path": "/home/edycje/16/wydarzenia/",
    "url_path_en": "/home/edition/16/events/",
    "url_path_pl": "/home/edycje/16/wydarzenia/",
    "owner": 1,
    "seo_title": "",
    "seo_title_en": null,
    "seo_title_pl": null,
    "show_in_menus": false,
    "search_description": "",
    "search_description_en": "",
    "search_description_pl": "",
    "go_live_at": null,
    "expire_at": null,
    "expired": false,
    "locked": false,
    "locked_at": null,
    "locked_by": null,
    "first_published_at": "2020-05-04T18:07:24.210Z",
    "last_published_at": "2020-05-04T18:07:24.210Z",
    "latest_revision_created_at": "2020-05-04T18:07:24.186Z",
    "live_revision": 18
  }
},
{
  "model": "wagtailcore.page",
  "pk": 20,
  "fields": {
    "path": "000100010005000100020001",
    "depth": 6,
    "numchild": 0,
    "title": "O warto\u015bci j\u0119zyka",
    "title_en": "O warto\u015bci j\u0119zyka",
    "title_pl": "O warto\u015bci j\u0119zyka",
    "draft_title": "O warto\u015bci j\u0119zyka",
    "slug": "o-wartosci-jezyka",
    "slug_en": "o-wartosci-jezyka",
    "slug_pl": "o-wartosci-jezyka",
    "content_type": 31,
    "live": true,
    "has_unpublished_changes": false,
    "url_path": "/home/edycje/16/wydarzenia/o-wartosci-jezyka/",
    "url_path_en": "/home/edition/16/events/o-wartosci-jezyka/",
    "url_path_pl": "/home/edycje/16/wydarzenia/o-wartosci-jezyka/",
    "owner": 1,
    "seo_title": "",
    "seo_title_en": null,
    "seo_title_pl": null,
    "show_in_menus": false,
    "search_description": "",
    "search_description_en": "",
    "search_description_pl": "",
    "go_live_at": null,
    "expire_at": null,
    "expired": false,
    "locked": false,
    "locked_at": null,
    "locked_by": null,
    "first_published_at": "2020-05-04T18:15:00.081Z",
    "last_published_at": "2020-05-04T18:15:00.081Z",
    "latest_revision_created_at": "2020-05-04T18:15:00.055Z",
    "live_revision": 19
  }
},
{
  "model": "wagtailcore.page",
  "pk": 21,
  "fields": {
    "path": "000100010005000100020002",
    "depth": 6,
    "numchild": 0,
    "title": "Poznanie rozumienia j\u0119zyka naturalnego i rozwi\u0105za\u0144 konwersacyjnych",
    "title_en": "Deep dive into natural language understanding and conversational solutions",
    "title_pl": "Poznanie rozumienia j\u0119zyka naturalnego i rozwi\u0105za\u0144 konwersacyjnych",
    "draft_title": "Deep dive into natural language understanding and conversational solutions",
    "slug": "poznanie-rozumienia-jezyka-naturalnego-i-rozwiazan-konwersacyjnych",
    "slug_en": "deep-dive-natural-language-understanding-and-conversational-solutions",
    "slug_pl": "poznanie-rozumienia-jezyka-naturalnego-i-rozwiazan-konwersacyjnych",
    "content_type": 31,
    "live": true,
    "has_unpublished_changes": false,
    "url_path": "/home/edycje/16/wydarzenia/poznanie-rozumienia-jezyka-naturalnego-i-rozwiazan-konwersacyjnych/",
    "url_path_en": "/home/edition/16/events/deep-dive-natural-language-understanding-and-conversational-solutions/",
    "url_path_pl": "/home/edycje/16/wydarzenia/poznanie-rozumienia-jezyka-naturalnego-i-rozwiazan-konwersacyjnych/",
    "owner": 1,
    "seo_title": "",
    "seo_title_en": null,
    "seo_title_pl": null,
    "show_in_menus": false,
    "search_description": "",
    "search_description_en": "",
    "search_description_pl": "",
    "go_live_at": null,
    "expire_at": null,
    "expired": false,
    "locked": false,
    "locked_at": null,
    "locked_by": null,
    "first_published_at": "2020-05-04T18:19:08.198Z",
    "last_published_at": "2020-05-04T18:19:08.198Z",
    "latest_revision_created_at": "2020-05-04T18:19:08.172Z",
    "live_revision": 20
  }
},
{
  "model": "wagtailcore.pagerevision",
  "pk": 1,
  "fields": {
    "page": 3,
    "submitted_for_moderation": false,
    "created_at": "2020-05-04T17:52:27.030Z",
    "user": 1,
    "content_json": "{\"pk\": 3, \"path\": \"00010001\", \"depth\": 2, \"numchild\": 0, \"title\": \"Home\", \"title_en\": \"Home\", \"title_pl\": \"Strona g\\u0142\\u00f3wna\", \"draft_title\": \"Home\", \"slug\": \"home\", \"slug_en\": null, \"slug_pl\": \"home\", \"content_type\": 3, \"live\": true, \"has_unpublished_changes\": false, \"url_path\": \"/home/\", \"url_path_en\": null, \"url_path_pl\": \"/home/\", \"owner\": null, \"seo_title\": \"\", \"seo_title_en\": null, \"seo_title_pl\": null, \"show_in_menus\": false, \"search_description\": \"\", \"search_description_en\": \"\", \"search_description_pl\": \"\", \"go_live_at\": null, \"expire_at\": null, \"expired\": false, \"locked\": false, \"locked_at\": null, \"locked_by\": null, \"first_published_at\": null, \"last_published_at\": null, \"latest_revision_created_at\": null, \"live_revision\": null, \"featured_image\": null, \"content\": \"[{\\\"type\\\": \\\"paragraph\\\", \\\"value\\\": \\\"<h2>Lorem ipsum dolor sit amet,</h2><p> <i>consectetur adipiscing elit. Proin lobortis magna massa, sed pharetra enim malesuada in. Cras quam ipsum, finibus vitae eros sed, porttitor viverra libero. Orci varius natoque penatibus et magnis dis parturient montes, nascetur ridiculus mus. Lorem ipsum dolor sit amet, consectetur adipiscing elit. Phasellus eget vehicula turpis. Ut dignissim ut nunc vitae hendrerit. Integer arcu sem, pharetra vestibulum nisi vel, facilisis iaculis mauris. Ut rhoncus nibh augue, at porta erat feugiat eget.</i></p><ul><li>In hac habitasse platea dictumst. </li><li>Fusce ornare interdum tortor dictum feugiat. </li><li>Aliquam porta rhoncus diam, eget convallis est pretium sed.</li><li>Fusce in turpis eget arcu fringilla laoreet. Donec quam ex, venenatis quis hendrerit sit amet, pharetra nec massa. Nam tempor enim id risus euismod sodales. Aenean ac pretium metus, in euismod nisl. Praesent et metus erat. Aenean commodo, lorem vitae consequat suscipit, enim tortor ultricies metus, et sodales felis felis vel lorem. Vivamus gravida augue eget feugiat sagittis. Aenean fermentum lectus a tempus maximus. Sed porttitor felis eget tellus convallis, eget commodo libero mollis. Duis eget tincidunt sem, sit amet tempor dolor.</li></ul><p></p><hr/><p></p><p>Donec facilisis, mauris a tincidunt condimentum, magna lorem blandit sapien, vel varius neque nisi ut leo. Sed varius tortor et ipsum sollicitudin aliquet. Nulla neque augue, consectetur at cursus ut, euismod ultrices tellus. Vestibulum eu lacinia mauris, vitae auctor elit. Nulla vitae magna id enim tristique tincidunt non sit amet urna. In vitae tellus ac nunc maximus sollicitudin malesuada at sapien. Aenean purus nunc, viverra non interdum feugiat, convallis in nibh. Pellentesque habitant morbi tristique senectus et netus et malesuada fames ac turpis egestas. In eget mi vitae lectus ullamcorper sagittis et id erat. Nam aliquam porttitor enim, ut molestie erat viverra a. Nam sed felis vel odio tincidunt aliquam.</p><p>Aliquam tincidunt euismod eros volutpat aliquam. Phasellus aliquet velit eget pretium rutrum. Sed fringilla viverra mauris sagittis maximus. Maecenas vestibulum tristique lectus, vel congue purus viverra sed. Ut rutrum porta eros, id gravida mauris efficitur id. Nullam vitae orci lacus. Cras rhoncus massa sed cursus sodales. Donec et magna id ipsum ornare hendrerit. Sed non mauris non odio posuere ornare.</p><p>Suspendisse mauris ipsum, blandit sed efficitur in, commodo sed ante. Morbi ultricies leo ut felis mattis, a commodo lectus consectetur. Praesent in magna elementum, maximus dolor non, pulvinar sem. Nam semper tortor odio. Pellentesque sit amet commodo purus. Suspendisse ut tellus dolor. Phasellus orci nisl, varius vitae velit eu, tincidunt lacinia odio. Pellentesque habitant morbi tristique senectus et netus et malesuada fames ac turpis egestas. Aliquam erat volutpat. Cras commodo turpis quis ipsum ultrices hendrerit quis eget massa.</p>\\\", \\\"id\\\": \\\"6d0e73c2-1205-4689-91c3-10e3f829954b\\\"}]\", \"content_en\": \"[{\\\"type\\\": \\\"paragraph\\\", \\\"value\\\": \\\"<h2>Lorem ipsum dolor sit amet,</h2><p> <i>consectetur adipiscing elit. Proin lobortis magna massa, sed pharetra enim malesuada in. Cras quam ipsum, finibus vitae eros sed, porttitor viverra libero. Orci varius natoque penatibus et magnis dis parturient montes, nascetur ridiculus mus. Lorem ipsum dolor sit amet, consectetur adipiscing elit. Phasellus eget vehicula turpis. Ut dignissim ut nunc vitae hendrerit. Integer arcu sem, pharetra vestibulum nisi vel, facilisis iaculis mauris. Ut rhoncus nibh augue, at porta erat feugiat eget.</i></p><ul><li>In hac habitasse platea dictumst. </li><li>Fusce ornare interdum tortor dictum feugiat. </li><li>Aliquam porta rhoncus diam, eget convallis est pretium sed.</li><li>Fusce in turpis eget arcu fringilla laoreet. Donec quam ex, venenatis quis hendrerit sit amet, pharetra nec massa. Nam tempor enim id risus euismod sodales. Aenean ac pretium metus, in euismod nisl. Praesent et metus erat. Aenean commodo, lorem vitae consequat suscipit, enim tortor ultricies metus, et sodales felis felis vel lorem. Vivamus gravida augue eget feugiat sagittis. Aenean fermentum lectus a tempus maximus. Sed porttitor felis eget tellus convallis, eget commodo libero mollis. Duis eget tincidunt sem, sit amet tempor dolor.</li></ul><p></p><hr/><p></p><p>Donec facilisis, mauris a tincidunt condimentum, magna lorem blandit sapien, vel varius neque nisi ut leo. Sed varius tortor et ipsum sollicitudin aliquet. Nulla neque augue, consectetur at cursus ut, euismod ultrices tellus. Vestibulum eu lacinia mauris, vitae auctor elit. Nulla vitae magna id enim tristique tincidunt non sit amet urna. In vitae tellus ac nunc maximus sollicitudin malesuada at sapien. Aenean purus nunc, viverra non interdum feugiat, convallis in nibh. Pellentesque habitant morbi tristique senectus et netus et malesuada fames ac turpis egestas. In eget mi vitae lectus ullamcorper sagittis et id erat. Nam aliquam porttitor enim, ut molestie erat viverra a. Nam sed felis vel odio tincidunt aliquam.</p><p>Aliquam tincidunt euismod eros volutpat aliquam. Phasellus aliquet velit eget pretium rutrum. Sed fringilla viverra mauris sagittis maximus. Maecenas vestibulum tristique lectus, vel congue purus viverra sed. Ut rutrum porta eros, id gravida mauris efficitur id. Nullam vitae orci lacus. Cras rhoncus massa sed cursus sodales. Donec et magna id ipsum ornare hendrerit. Sed non mauris non odio posuere ornare.</p><p>Suspendisse mauris ipsum, blandit sed efficitur in, commodo sed ante. Morbi ultricies leo ut felis mattis, a commodo lectus consectetur. Praesent in magna elementum, maximus dolor non, pulvinar sem. Nam semper tortor odio. Pellentesque sit amet commodo purus. Suspendisse ut tellus dolor. Phasellus orci nisl, varius vitae velit eu, tincidunt lacinia odio. Pellentesque habitant morbi tristique senectus et netus et malesuada fames ac turpis egestas. Aliquam erat volutpat. Cras commodo turpis quis ipsum ultrices hendrerit quis eget massa.</p>\\\", \\\"id\\\": \\\"6d0e73c2-1205-4689-91c3-10e3f829954b\\\"}]\", \"content_pl\": \"[{\\\"type\\\": \\\"paragraph\\\", \\\"value\\\": \\\"<h2>Lorem ipsum dolor sit amet,</h2><p><i>consectetur adipiscing elit. Proin lobortis magna massa, sed pharetra enim malesuada in. Cras quam ipsum, finibus vitae eros sed, porttitor viverra libero. Orci varius natoque penatibus et magnis dis parturient montes, nascetur ridiculus mus. Lorem ipsum dolor sit amet, consectetur adipiscing elit. Phasellus eget vehicula turpis. Ut dignissim ut nunc vitae hendrerit. Integer arcu sem, pharetra vestibulum nisi vel, facilisis iaculis mauris. Ut rhoncus nibh augue, at porta erat feugiat eget.</i></p><ul><li>In hac habitasse platea dictumst.</li><li>Fusce ornare interdum tortor dictum feugiat.</li><li>Aliquam porta rhoncus diam, eget convallis est pretium sed.</li><li>Fusce in turpis eget arcu fringilla laoreet. Donec quam ex, venenatis quis hendrerit sit amet, pharetra nec massa. Nam tempor enim id risus euismod sodales. Aenean ac pretium metus, in euismod nisl. Praesent et metus erat. Aenean commodo, lorem vitae consequat suscipit, enim tortor ultricies metus, et sodales felis felis vel lorem. Vivamus gravida augue eget feugiat sagittis. Aenean fermentum lectus a tempus maximus. Sed porttitor felis eget tellus convallis, eget commodo libero mollis. Duis eget tincidunt sem, sit amet tempor dolor.</li></ul><p></p><hr/><p></p><p>Donec facilisis, mauris a tincidunt condimentum, magna lorem blandit sapien, vel varius neque nisi ut leo. Sed varius tortor et ipsum sollicitudin aliquet. Nulla neque augue, consectetur at cursus ut, euismod ultrices tellus. Vestibulum eu lacinia mauris, vitae auctor elit. Nulla vitae magna id enim tristique tincidunt non sit amet urna. In vitae tellus ac nunc maximus sollicitudin malesuada at sapien. Aenean purus nunc, viverra non interdum feugiat, convallis in nibh. Pellentesque habitant morbi tristique senectus et netus et malesuada fames ac turpis egestas. In eget mi vitae lectus ullamcorper sagittis et id erat. Nam aliquam porttitor enim, ut molestie erat viverra a. Nam sed felis vel odio tincidunt aliquam.</p><p>Aliquam tincidunt euismod eros volutpat aliquam. Phasellus aliquet velit eget pretium rutrum. Sed fringilla viverra mauris sagittis maximus. Maecenas vestibulum tristique lectus, vel congue purus viverra sed. Ut rutrum porta eros, id gravida mauris efficitur id. Nullam vitae orci lacus. Cras rhoncus massa sed cursus sodales. Donec et magna id ipsum ornare hendrerit. Sed non mauris non odio posuere ornare.</p><p>Suspendisse mauris ipsum, blandit sed efficitur in, commodo sed ante. Morbi ultricies leo ut felis mattis, a commodo lectus consectetur. Praesent in magna elementum, maximus dolor non, pulvinar sem. Nam semper tortor odio. Pellentesque sit amet commodo purus. Suspendisse ut tellus dolor. Phasellus orci nisl, varius vitae velit eu, tincidunt lacinia odio. Pellentesque habitant morbi tristique senectus et netus et malesuada fames ac turpis egestas. Aliquam erat volutpat. Cras commodo turpis quis ipsum ultrices hendrerit quis eget massa.</p>\\\", \\\"id\\\": \\\"126eb4b8-6007-4752-97f1-4b1048f53dd0\\\"}]\"}",
    "approved_go_live_at": null
  }
},
{
  "model": "wagtailcore.pagerevision",
  "pk": 2,
  "fields": {
    "page": 3,
    "submitted_for_moderation": false,
    "created_at": "2020-05-04T17:52:42.024Z",
    "user": 1,
    "content_json": "{\"pk\": 3, \"path\": \"00010001\", \"depth\": 2, \"numchild\": 0, \"title\": \"Home\", \"title_en\": \"Home\", \"title_pl\": \"Strona g\\u0142\\u00f3wna\", \"draft_title\": \"Home\", \"slug\": \"home\", \"slug_en\": \"home\", \"slug_pl\": \"home\", \"content_type\": 3, \"live\": true, \"has_unpublished_changes\": false, \"url_path\": \"/home/\", \"url_path_en\": \"/home/\", \"url_path_pl\": \"/home/\", \"owner\": null, \"seo_title\": \"\", \"seo_title_en\": null, \"seo_title_pl\": null, \"show_in_menus\": false, \"search_description\": \"\", \"search_description_en\": \"\", \"search_description_pl\": \"\", \"go_live_at\": null, \"expire_at\": null, \"expired\": false, \"locked\": false, \"locked_at\": null, \"locked_by\": null, \"first_published_at\": \"2020-05-04T17:52:27.055Z\", \"last_published_at\": \"2020-05-04T17:52:27.055Z\", \"latest_revision_created_at\": \"2020-05-04T17:52:27.030Z\", \"live_revision\": 1, \"featured_image\": null, \"content\": \"[{\\\"type\\\": \\\"paragraph\\\", \\\"value\\\": \\\"<h2>Lorem ipsum dolor sit amet,</h2><p><i>consectetur adipiscing elit. Proin lobortis magna massa, sed pharetra enim malesuada in. Cras quam ipsum, finibus vitae eros sed, porttitor viverra libero. Orci varius natoque penatibus et magnis dis parturient montes, nascetur ridiculus mus. Lorem ipsum dolor sit amet, consectetur adipiscing elit. Phasellus eget vehicula turpis. Ut dignissim ut nunc vitae hendrerit. Integer arcu sem, pharetra vestibulum nisi vel, facilisis iaculis mauris. Ut rhoncus nibh augue, at porta erat feugiat eget.</i></p><ul><li>In hac habitasse platea dictumst.</li><li>Fusce ornare interdum tortor dictum feugiat.</li><li>Aliquam porta rhoncus diam, eget convallis est pretium sed.</li><li>Fusce in turpis eget arcu fringilla laoreet. Donec quam ex, venenatis quis hendrerit sit amet, pharetra nec massa. Nam tempor enim id risus euismod sodales. Aenean ac pretium metus, in euismod nisl. Praesent et metus erat. Aenean commodo, lorem vitae consequat suscipit, enim tortor ultricies metus, et sodales felis felis vel lorem. Vivamus gravida augue eget feugiat sagittis. Aenean fermentum lectus a tempus maximus. Sed porttitor felis eget tellus convallis, eget commodo libero mollis. Duis eget tincidunt sem, sit amet tempor dolor.</li></ul><p></p><hr/><p></p><p>Donec facilisis, mauris a tincidunt condimentum, magna lorem blandit sapien, vel varius neque nisi ut leo. Sed varius tortor et ipsum sollicitudin aliquet. Nulla neque augue, consectetur at cursus ut, euismod ultrices tellus. Vestibulum eu lacinia mauris, vitae auctor elit. Nulla vitae magna id enim tristique tincidunt non sit amet urna. In vitae tellus ac nunc maximus sollicitudin malesuada at sapien. Aenean purus nunc, viverra non interdum feugiat, convallis in nibh. Pellentesque habitant morbi tristique senectus et netus et malesuada fames ac turpis egestas. In eget mi vitae lectus ullamcorper sagittis et id erat. Nam aliquam porttitor enim, ut molestie erat viverra a. Nam sed felis vel odio tincidunt aliquam.</p><p>Aliquam tincidunt euismod eros volutpat aliquam. Phasellus aliquet velit eget pretium rutrum. Sed fringilla viverra mauris sagittis maximus. Maecenas vestibulum tristique lectus, vel congue purus viverra sed. Ut rutrum porta eros, id gravida mauris efficitur id. Nullam vitae orci lacus. Cras rhoncus massa sed cursus sodales. Donec et magna id ipsum ornare hendrerit. Sed non mauris non odio posuere ornare.</p><p>Suspendisse mauris ipsum, blandit sed efficitur in, commodo sed ante. Morbi ultricies leo ut felis mattis, a commodo lectus consectetur. Praesent in magna elementum, maximus dolor non, pulvinar sem. Nam semper tortor odio. Pellentesque sit amet commodo purus. Suspendisse ut tellus dolor. Phasellus orci nisl, varius vitae velit eu, tincidunt lacinia odio. Pellentesque habitant morbi tristique senectus et netus et malesuada fames ac turpis egestas. Aliquam erat volutpat. Cras commodo turpis quis ipsum ultrices hendrerit quis eget massa.</p>\\\", \\\"id\\\": \\\"6d0e73c2-1205-4689-91c3-10e3f829954b\\\"}]\", \"content_en\": \"[{\\\"type\\\": \\\"paragraph\\\", \\\"value\\\": \\\"<h2>Lorem ipsum dolor sit amet,</h2><p><i>consectetur adipiscing elit. Proin lobortis magna massa, sed pharetra enim malesuada in. Cras quam ipsum, finibus vitae eros sed, porttitor viverra libero. Orci varius natoque penatibus et magnis dis parturient montes, nascetur ridiculus mus. Lorem ipsum dolor sit amet, consectetur adipiscing elit. Phasellus eget vehicula turpis. Ut dignissim ut nunc vitae hendrerit. Integer arcu sem, pharetra vestibulum nisi vel, facilisis iaculis mauris. Ut rhoncus nibh augue, at porta erat feugiat eget.</i></p><ul><li>In hac habitasse platea dictumst.</li><li>Fusce ornare interdum tortor dictum feugiat.</li><li>Aliquam porta rhoncus diam, eget convallis est pretium sed.</li><li>Fusce in turpis eget arcu fringilla laoreet. Donec quam ex, venenatis quis hendrerit sit amet, pharetra nec massa. Nam tempor enim id risus euismod sodales. Aenean ac pretium metus, in euismod nisl. Praesent et metus erat. Aenean commodo, lorem vitae consequat suscipit, enim tortor ultricies metus, et sodales felis felis vel lorem. Vivamus gravida augue eget feugiat sagittis. Aenean fermentum lectus a tempus maximus. Sed porttitor felis eget tellus convallis, eget commodo libero mollis. Duis eget tincidunt sem, sit amet tempor dolor.</li></ul><p></p><hr/><p></p><p>Donec facilisis, mauris a tincidunt condimentum, magna lorem blandit sapien, vel varius neque nisi ut leo. Sed varius tortor et ipsum sollicitudin aliquet. Nulla neque augue, consectetur at cursus ut, euismod ultrices tellus. Vestibulum eu lacinia mauris, vitae auctor elit. Nulla vitae magna id enim tristique tincidunt non sit amet urna. In vitae tellus ac nunc maximus sollicitudin malesuada at sapien. Aenean purus nunc, viverra non interdum feugiat, convallis in nibh. Pellentesque habitant morbi tristique senectus et netus et malesuada fames ac turpis egestas. In eget mi vitae lectus ullamcorper sagittis et id erat. Nam aliquam porttitor enim, ut molestie erat viverra a. Nam sed felis vel odio tincidunt aliquam.</p><p>Aliquam tincidunt euismod eros volutpat aliquam. Phasellus aliquet velit eget pretium rutrum. Sed fringilla viverra mauris sagittis maximus. Maecenas vestibulum tristique lectus, vel congue purus viverra sed. Ut rutrum porta eros, id gravida mauris efficitur id. Nullam vitae orci lacus. Cras rhoncus massa sed cursus sodales. Donec et magna id ipsum ornare hendrerit. Sed non mauris non odio posuere ornare.</p><p>Suspendisse mauris ipsum, blandit sed efficitur in, commodo sed ante. Morbi ultricies leo ut felis mattis, a commodo lectus consectetur. Praesent in magna elementum, maximus dolor non, pulvinar sem. Nam semper tortor odio. Pellentesque sit amet commodo purus. Suspendisse ut tellus dolor. Phasellus orci nisl, varius vitae velit eu, tincidunt lacinia odio. Pellentesque habitant morbi tristique senectus et netus et malesuada fames ac turpis egestas. Aliquam erat volutpat. Cras commodo turpis quis ipsum ultrices hendrerit quis eget massa.</p>\\\", \\\"id\\\": \\\"6d0e73c2-1205-4689-91c3-10e3f829954b\\\"}]\", \"content_pl\": \"[{\\\"type\\\": \\\"paragraph\\\", \\\"value\\\": \\\"<h2>Lorem ipsum dolor sit amet,</h2><p><i>consectetur adipiscing elit. Proin lobortis magna massa, sed pharetra enim malesuada in. Cras quam ipsum, finibus vitae eros sed, porttitor viverra libero. Orci varius natoque penatibus et magnis dis parturient montes, nascetur ridiculus mus. Lorem ipsum dolor sit amet, consectetur adipiscing elit. Phasellus eget vehicula turpis. Ut dignissim ut nunc vitae hendrerit. Integer arcu sem, pharetra vestibulum nisi vel, facilisis iaculis mauris. Ut rhoncus nibh augue, at porta erat feugiat eget.</i></p><ul><li>In hac habitasse platea dictumst.</li><li>Fusce ornare interdum tortor dictum feugiat.</li><li>Aliquam porta rhoncus diam, eget convallis est pretium sed.</li><li>Fusce in turpis eget arcu fringilla laoreet. Donec quam ex, venenatis quis hendrerit sit amet, pharetra nec massa. Nam tempor enim id risus euismod sodales. Aenean ac pretium metus, in euismod nisl. Praesent et metus erat. Aenean commodo, lorem vitae consequat suscipit, enim tortor ultricies metus, et sodales felis felis vel lorem. Vivamus gravida augue eget feugiat sagittis. Aenean fermentum lectus a tempus maximus. Sed porttitor felis eget tellus convallis, eget commodo libero mollis. Duis eget tincidunt sem, sit amet tempor dolor.</li></ul><p></p><hr/><p></p><p>Donec facilisis, mauris a tincidunt condimentum, magna lorem blandit sapien, vel varius neque nisi ut leo. Sed varius tortor et ipsum sollicitudin aliquet. Nulla neque augue, consectetur at cursus ut, euismod ultrices tellus. Vestibulum eu lacinia mauris, vitae auctor elit. Nulla vitae magna id enim tristique tincidunt non sit amet urna. In vitae tellus ac nunc maximus sollicitudin malesuada at sapien. Aenean purus nunc, viverra non interdum feugiat, convallis in nibh. Pellentesque habitant morbi tristique senectus et netus et malesuada fames ac turpis egestas. In eget mi vitae lectus ullamcorper sagittis et id erat. Nam aliquam porttitor enim, ut molestie erat viverra a. Nam sed felis vel odio tincidunt aliquam.</p><p>Aliquam tincidunt euismod eros volutpat aliquam. Phasellus aliquet velit eget pretium rutrum. Sed fringilla viverra mauris sagittis maximus. Maecenas vestibulum tristique lectus, vel congue purus viverra sed. Ut rutrum porta eros, id gravida mauris efficitur id. Nullam vitae orci lacus. Cras rhoncus massa sed cursus sodales. Donec et magna id ipsum ornare hendrerit. Sed non mauris non odio posuere ornare.</p><p>Suspendisse mauris ipsum, blandit sed efficitur in, commodo sed ante. Morbi ultricies leo ut felis mattis, a commodo lectus consectetur. Praesent in magna elementum, maximus dolor non, pulvinar sem. Nam semper tortor odio. Pellentesque sit amet commodo purus. Suspendisse ut tellus dolor. Phasellus orci nisl, varius vitae velit eu, tincidunt lacinia odio. Pellentesque habitant morbi tristique senectus et netus et malesuada fames ac turpis egestas. Aliquam erat volutpat. Cras commodo turpis quis ipsum ultrices hendrerit quis eget massa.</p>\\\", \\\"id\\\": \\\"126eb4b8-6007-4752-97f1-4b1048f53dd0\\\"}]\"}",
    "approved_go_live_at": null
  }
},
{
  "model": "wagtailcore.pagerevision",
  "pk": 3,
  "fields": {
    "page": 4,
    "submitted_for_moderation": false,
    "created_at": "2020-05-04T17:54:50.095Z",
    "user": 1,
    "content_json": "{\"pk\": 4, \"path\": \"000100010001\", \"depth\": 3, \"numchild\": 0, \"title\": \"News\", \"title_en\": \"News\", \"title_pl\": \"Aktualno\\u015bci\", \"draft_title\": \"News\", \"slug\": \"news\", \"slug_en\": \"news\", \"slug_pl\": \"aktualnosci\", \"content_type\": 26, \"live\": true, \"has_unpublished_changes\": false, \"url_path\": \"/home/news/\", \"url_path_en\": \"/home/news/\", \"url_path_pl\": \"/home/aktualnosci/\", \"owner\": 1, \"seo_title\": \"\", \"seo_title_en\": null, \"seo_title_pl\": null, \"show_in_menus\": false, \"search_description\": \"\", \"search_description_en\": \"\", \"search_description_pl\": \"\", \"go_live_at\": null, \"expire_at\": null, \"expired\": false, \"locked\": false, \"locked_at\": null, \"locked_by\": null, \"first_published_at\": null, \"last_published_at\": null, \"latest_revision_created_at\": null, \"live_revision\": null, \"featured_image\": null}",
    "approved_go_live_at": null
  }
},
{
  "model": "wagtailcore.pagerevision",
  "pk": 4,
  "fields": {
    "page": 5,
    "submitted_for_moderation": false,
    "created_at": "2020-05-04T17:55:33.824Z",
    "user": 1,
    "content_json": "{\"pk\": 5, \"path\": \"0001000100010001\", \"depth\": 4, \"numchild\": 0, \"title\": \"Podcast z dr Ann\\u0105 Chrobry \\u2013 dodatkowe materia\\u0142y\", \"title_en\": \"Podcast z dr Ann\\u0105 Chrobry \\u2013 dodatkowe materia\\u0142y\", \"title_pl\": \"Podcast z dr Ann\\u0105 Chrobry \\u2013 dodatkowe materia\\u0142y\", \"draft_title\": \"Podcast z dr Ann\\u0105 Chrobry \\u2013 dodatkowe materia\\u0142y\", \"slug\": \"podcast-z-dr-anna-chrobry-dodatkowe-materialy\", \"slug_en\": \"podcast-z-dr-anna-chrobry-dodatkowe-materialy\", \"slug_pl\": \"podcast-z-dr-anna-chrobry-dodatkowe-materialy\", \"content_type\": 27, \"live\": true, \"has_unpublished_changes\": false, \"url_path\": \"/home/news/podcast-z-dr-anna-chrobry-dodatkowe-materialy/\", \"url_path_en\": \"/home/news/podcast-z-dr-anna-chrobry-dodatkowe-materialy/\", \"url_path_pl\": \"/home/aktualnosci/podcast-z-dr-anna-chrobry-dodatkowe-materialy/\", \"owner\": 1, \"seo_title\": \"\", \"seo_title_en\": null, \"seo_title_pl\": null, \"show_in_menus\": false, \"search_description\": \"\", \"search_description_en\": \"\", \"search_description_pl\": \"\", \"go_live_at\": null, \"expire_at\": null, \"expired\": false, \"locked\": false, \"locked_at\": null, \"locked_by\": null, \"first_published_at\": null, \"last_published_at\": null, \"latest_revision_created_at\": null, \"live_revision\": null, \"featured_image\": null, \"content\": \"<p>W\\u0142a\\u015bnie opublikowali\\u015bmy podcast z dr Ann\\u0105 Chrobry, fizykiem j\\u0105drowym, kt\\u00f3ra od 10 lat pracuje w sektorze lotniczym i astronautycznym. Rozmawiamy o kosmosie, satelitach, ciekawych projektach kosmicznych, przy kt\\u00f3rych pracowa\\u0142a i alternatywnych \\u017ar\\u00f3d\\u0142ach energii. Ca\\u0142ej rozmowy mo\\u017cna pos\\u0142ucha\\u0107 na <a href=\\\"https://sfi.pl/podcasty/\\\">https://sfi.pl/podcasty/</a>, a wi\\u0119cej wiedzy kosmicznej i informacji o wspomnianych projektach znajdziecie na stronach:</p><ul><li><a href=\\\"https://spacegeneration.org/\\\">https://spacegeneration.org</a> \\u2013 Space Generation Advisory Council,</li><li><a href=\\\"https://www.youtube.com/watch?v=nKIh_uRTbIE\\\">https://www.youtube.com/watch?v=nKIh_uRTbIE</a> \\u2013 centrum aeronautyczne i kosmiczne w Bremen,</li><li><a href=\\\"https://www.nasa.gov/connect/ebooks/nasa-systems-engineering-handbook/\\\">https://www.nasa.gov/connect/ebooks/nasa-systems-engineering-handbook/</a> \\u2013 kosmiczna Biblia \\ud83d\\ude09,</li><li><a href=\\\"https://www.youtube.com/watch?v=fKSBgAOosc4\\\">https://www.youtube.com/watch?v=fKSBgAOosc4</a> \\u2013 Robot Koch \\u2013 Kassel,</li><li><a href=\\\"http://naukawpolsce.pap.pl/aktualnosci/news%2C79083%2Csenat-ustanowil-rok-2020-rokiem-fizyki.html\\\">http://naukawpolsce.pap.pl/aktualnosci/news%2C79083%2Csenat-ustanowil-rok-2020-rokiem-fizyki.html</a> \\u2013 2020 rokiem fizyki.</li></ul>\", \"content_en\": \"<p>W\\u0142a\\u015bnie opublikowali\\u015bmy podcast z dr Ann\\u0105 Chrobry, fizykiem j\\u0105drowym, kt\\u00f3ra od 10 lat pracuje w sektorze lotniczym i astronautycznym. Rozmawiamy o kosmosie, satelitach, ciekawych projektach kosmicznych, przy kt\\u00f3rych pracowa\\u0142a i alternatywnych \\u017ar\\u00f3d\\u0142ach energii. Ca\\u0142ej rozmowy mo\\u017cna pos\\u0142ucha\\u0107 na <a href=\\\"https://sfi.pl/podcasty/\\\">https://sfi.pl/podcasty/</a>, a wi\\u0119cej wiedzy kosmicznej i informacji o wspomnianych projektach znajdziecie na stronach:</p><ul><li><a href=\\\"https://spacegeneration.org/\\\">https://spacegeneration.org</a> \\u2013 Space Generation Advisory Council,</li><li><a href=\\\"https://www.youtube.com/watch?v=nKIh_uRTbIE\\\">https://www.youtube.com/watch?v=nKIh_uRTbIE</a> \\u2013 centrum aeronautyczne i kosmiczne w Bremen,</li><li><a href=\\\"https://www.nasa.gov/connect/ebooks/nasa-systems-engineering-handbook/\\\">https://www.nasa.gov/connect/ebooks/nasa-systems-engineering-handbook/</a> \\u2013 kosmiczna Biblia \\ud83d\\ude09,</li><li><a href=\\\"https://www.youtube.com/watch?v=fKSBgAOosc4\\\">https://www.youtube.com/watch?v=fKSBgAOosc4</a> \\u2013 Robot Koch \\u2013 Kassel,</li><li><a href=\\\"http://naukawpolsce.pap.pl/aktualnosci/news%2C79083%2Csenat-ustanowil-rok-2020-rokiem-fizyki.html\\\">http://naukawpolsce.pap.pl/aktualnosci/news%2C79083%2Csenat-ustanowil-rok-2020-rokiem-fizyki.html</a> \\u2013 2020 rokiem fizyki.</li></ul>\", \"content_pl\": \"<p>W\\u0142a\\u015bnie opublikowali\\u015bmy podcast z dr Ann\\u0105 Chrobry, fizykiem j\\u0105drowym, kt\\u00f3ra od 10 lat pracuje w sektorze lotniczym i astronautycznym. Rozmawiamy o kosmosie, satelitach, ciekawych projektach kosmicznych, przy kt\\u00f3rych pracowa\\u0142a i alternatywnych \\u017ar\\u00f3d\\u0142ach energii. Ca\\u0142ej rozmowy mo\\u017cna pos\\u0142ucha\\u0107 na <a href=\\\"https://sfi.pl/podcasty/\\\">https://sfi.pl/podcasty/</a>, a wi\\u0119cej wiedzy kosmicznej i informacji o wspomnianych projektach znajdziecie na stronach:</p><ul><li><a href=\\\"https://spacegeneration.org/\\\">https://spacegeneration.org</a> \\u2013 Space Generation Advisory Council,</li><li><a href=\\\"https://www.youtube.com/watch?v=nKIh_uRTbIE\\\">https://www.youtube.com/watch?v=nKIh_uRTbIE</a> \\u2013 centrum aeronautyczne i kosmiczne w Bremen,</li><li><a href=\\\"https://www.nasa.gov/connect/ebooks/nasa-systems-engineering-handbook/\\\">https://www.nasa.gov/connect/ebooks/nasa-systems-engineering-handbook/</a> \\u2013 kosmiczna Biblia \\ud83d\\ude09,</li><li><a href=\\\"https://www.youtube.com/watch?v=fKSBgAOosc4\\\">https://www.youtube.com/watch?v=fKSBgAOosc4</a> \\u2013 Robot Koch \\u2013 Kassel,</li><li><a href=\\\"http://naukawpolsce.pap.pl/aktualnosci/news%2C79083%2Csenat-ustanowil-rok-2020-rokiem-fizyki.html\\\">http://naukawpolsce.pap.pl/aktualnosci/news%2C79083%2Csenat-ustanowil-rok-2020-rokiem-fizyki.html</a> \\u2013 2020 rokiem fizyki.</li></ul>\", \"date\": \"2020-05-04T17:54:00Z\"}",
    "approved_go_live_at": null
  }
},
{
  "model": "wagtailcore.pagerevision",
  "pk": 5,
  "fields": {
    "page": 6,
    "submitted_for_moderation": false,
    "created_at": "2020-05-04T17:56:09.061Z",
    "user": 1,
    "content_json": "{\"pk\": 6, \"path\": \"0001000100010002\", \"depth\": 4, \"numchild\": 0, \"title\": \"SFI Podcasty!\", \"title_en\": \"SFI Podcasty!\", \"title_pl\": \"SFI Podcasty!\", \"draft_title\": \"SFI Podcasty!\", \"slug\": \"sfi-podcasty\", \"slug_en\": \"sfi-podcasty\", \"slug_pl\": \"sfi-podcasty\", \"content_type\": 27, \"live\": true, \"has_unpublished_changes\": false, \"url_path\": \"/home/news/sfi-podcasty/\", \"url_path_en\": \"/home/news/sfi-podcasty/\", \"url_path_pl\": \"/home/aktualnosci/sfi-podcasty/\", \"owner\": 1, \"seo_title\": \"\", \"seo_title_en\": null, \"seo_title_pl\": null, \"show_in_menus\": false, \"search_description\": \"\", \"search_description_en\": \"\", \"search_description_pl\": \"\", \"go_live_at\": null, \"expire_at\": null, \"expired\": false, \"locked\": false, \"locked_at\": null, \"locked_by\": null, \"first_published_at\": null, \"last_published_at\": null, \"latest_revision_created_at\": null, \"live_revision\": null, \"featured_image\": null, \"content\": \"<p>Siedzimy w domach, ale nie pr\\u00f3\\u017cnujemy! \\u017beby umili\\u0107 Wam czekanie na przeniesione 16.SFI, postanowili\\u015bmy stworzy\\u0107 kana\\u0142 z podcastami!</p><p>Co tydzie\\u0144 b\\u0119dziemy rozmawia\\u0107 z naszymi go\\u015b\\u0107mi z r\\u00f3\\u017cnych dziedzin IT. Podziel\\u0105 si\\u0119 oni z Wami swoimi do\\u015bwiadczeniem i wiedz\\u0105. \\ud83d\\ude09</p><p>Podcast\\u00f3w mo\\u017cecie s\\u0142ucha\\u0107 na:<br/>\\ud83d\\udc49 <a href=\\\"http://s.sfi.pl/spotify\\\">Spotify</a><br/>\\ud83d\\udc49 <a href=\\\"http://s.sfi.pl/apple_podcasts\\\">Apple Podcasts</a><br/>\\ud83d\\udc49 <a href=\\\"http://s.sfi.pl/soundcloud\\\">SoundCloud</a><br/>\\ud83d\\udc49 <a href=\\\"http://s.sfi.pl/youtube_podcasts\\\">Youtube</a></p><p>Obecnie mo\\u017cecie ods\\u0142ucha\\u0107 nast\\u0119puj\\u0105ce odcinki:<br/>(kolejno\\u015b\\u0107 od najstarszego)</p>\", \"content_en\": \"<p>Siedzimy w domach, ale nie pr\\u00f3\\u017cnujemy! \\u017beby umili\\u0107 Wam czekanie na przeniesione 16.SFI, postanowili\\u015bmy stworzy\\u0107 kana\\u0142 z podcastami!</p><p>Co tydzie\\u0144 b\\u0119dziemy rozmawia\\u0107 z naszymi go\\u015b\\u0107mi z r\\u00f3\\u017cnych dziedzin IT. Podziel\\u0105 si\\u0119 oni z Wami swoimi do\\u015bwiadczeniem i wiedz\\u0105. \\ud83d\\ude09</p><p>Podcast\\u00f3w mo\\u017cecie s\\u0142ucha\\u0107 na:<br/>\\ud83d\\udc49 <a href=\\\"http://s.sfi.pl/spotify\\\">Spotify</a><br/>\\ud83d\\udc49 <a href=\\\"http://s.sfi.pl/apple_podcasts\\\">Apple Podcasts</a><br/>\\ud83d\\udc49 <a href=\\\"http://s.sfi.pl/soundcloud\\\">SoundCloud</a><br/>\\ud83d\\udc49 <a href=\\\"http://s.sfi.pl/youtube_podcasts\\\">Youtube</a></p><p>Obecnie mo\\u017cecie ods\\u0142ucha\\u0107 nast\\u0119puj\\u0105ce odcinki:<br/>(kolejno\\u015b\\u0107 od najstarszego)</p>\", \"content_pl\": \"<p>Siedzimy w domach, ale nie pr\\u00f3\\u017cnujemy! \\u017beby umili\\u0107 Wam czekanie na przeniesione 16.SFI, postanowili\\u015bmy stworzy\\u0107 kana\\u0142 z podcastami!</p><p>Co tydzie\\u0144 b\\u0119dziemy rozmawia\\u0107 z naszymi go\\u015b\\u0107mi z r\\u00f3\\u017cnych dziedzin IT. Podziel\\u0105 si\\u0119 oni z Wami swoimi do\\u015bwiadczeniem i wiedz\\u0105. \\ud83d\\ude09</p><p>Podcast\\u00f3w mo\\u017cecie s\\u0142ucha\\u0107 na:<br/>\\ud83d\\udc49 <a href=\\\"http://s.sfi.pl/spotify\\\">Spotify</a><br/>\\ud83d\\udc49 <a href=\\\"http://s.sfi.pl/apple_podcasts\\\">Apple Podcasts</a><br/>\\ud83d\\udc49 <a href=\\\"http://s.sfi.pl/soundcloud\\\">SoundCloud</a><br/>\\ud83d\\udc49 <a href=\\\"http://s.sfi.pl/youtube_podcasts\\\">Youtube</a></p><p>Obecnie mo\\u017cecie ods\\u0142ucha\\u0107 nast\\u0119puj\\u0105ce odcinki:<br/>(kolejno\\u015b\\u0107 od najstarszego)</p>\", \"date\": \"2020-05-04T17:55:00Z\"}",
    "approved_go_live_at": null
  }
},
{
  "model": "wagtailcore.pagerevision",
  "pk": 6,
  "fields": {
    "page": 7,
    "submitted_for_moderation": false,
    "created_at": "2020-05-04T17:56:24.557Z",
    "user": 1,
    "content_json": "{\"pk\": 7, \"path\": \"0001000100010003\", \"depth\": 4, \"numchild\": 0, \"title\": \"16.SFI przeniesione na pa\\u017adziernik 2020\", \"title_en\": \"16.SFI przeniesione na pa\\u017adziernik 2020\", \"title_pl\": \"16.SFI przeniesione na pa\\u017adziernik 2020\", \"draft_title\": \"16.SFI przeniesione na pa\\u017adziernik 2020\", \"slug\": \"16sfi-przeniesione-na-pazdziernik-2020\", \"slug_en\": \"16sfi-przeniesione-na-pazdziernik-2020\", \"slug_pl\": \"16sfi-przeniesione-na-pazdziernik-2020\", \"content_type\": 27, \"live\": true, \"has_unpublished_changes\": false, \"url_path\": \"/home/news/16sfi-przeniesione-na-pazdziernik-2020/\", \"url_path_en\": \"/home/news/16sfi-przeniesione-na-pazdziernik-2020/\", \"url_path_pl\": \"/home/aktualnosci/16sfi-przeniesione-na-pazdziernik-2020/\", \"owner\": 1, \"seo_title\": \"\", \"seo_title_en\": null, \"seo_title_pl\": null, \"show_in_menus\": false, \"search_description\": \"\", \"search_description_en\": \"\", \"search_description_pl\": \"\", \"go_live_at\": null, \"expire_at\": null, \"expired\": false, \"locked\": false, \"locked_at\": null, \"locked_by\": null, \"first_published_at\": null, \"last_published_at\": null, \"latest_revision_created_at\": null, \"live_revision\": null, \"featured_image\": null, \"content\": \"<p>Kochani!</p><p>Wczoraj wieczorem (10.03) podj\\u0119li\\u015bmy decyzj\\u0119 o przeniesieniu 16 edycji Studenckiego Festiwalu Informatycznego na pa\\u017adziernik 2020.\\u00a0</p><p>Przez ostatnie dni walczyli\\u015bmy, aby Festiwal odby\\u0142 si\\u0119 zgodnie z planem. Jeszcze w zesz\\u0142ym tygodniu zak\\u0142adali\\u015bmy, \\u017ce uda nam si\\u0119 spotka\\u0107 od 26 do 28 marca. Niestety, w obliczu pogarszaj\\u0105cej si\\u0119 sytuacji epidemiologicznej oraz faktu, \\u017ce wiele uczelni odwo\\u0142uje zaj\\u0119cia, a firmy przechodz\\u0105 na prac\\u0119 zdaln\\u0105, uznali\\u015bmy, \\u017ce nie mo\\u017cemy ryzykowa\\u0107 zdrowia naszych uczestnik\\u00f3w, prelegent\\u00f3w i partner\\u00f3w. Decyzja ta wi\\u0105\\u017ce si\\u0119 ze stratami finansowymi, wierzymy jednak, \\u017ce na ten moment to najlepsze rozwi\\u0105zanie.</p><p>W ci\\u0105gu minionych 9 miesi\\u0119cy ponad 60 organizator\\u00f3w \\u2013 student\\u00f3w k\\u00f3\\u0142 informatycznych z 4 krakowskich uczelni (AGH, UJ, PK, UEK) \\u2013 stara\\u0142o si\\u0119 stworzy\\u0107 dla Was najfajniejszy festiwal IT w Polsce. Odbyli\\u015bmy mn\\u00f3stwo spotka\\u0144, napisali\\u015bmy tysi\\u0105ce linijek kodu, wymienili\\u015bmy setki maili z prelegentami, sponsorami i kontrahentami, stworzyli\\u015bmy dziesi\\u0105tki grafik. To wszystko NIE p\\u00f3jdzie na marne, bo i tak spotkamy si\\u0119 na 16 edycji \\u2013 jeszcze w tym roku.\\u00a0</p><p>Dzi\\u0119kujemy Wam za wsparcie i \\u017cywe zainteresowanie naszym Festiwalem.</p><p>Je\\u015bli chcecie by\\u0107 na bie\\u017c\\u0105co ze wszystkimi aktualizacjami (np. nowym terminem 16.SFI) zapiszcie si\\u0119 do naszego newslettera: <a href=\\\"http://newsletter.sfi.pl/\\\">newsletter.sfi.pl/</a>.\\u00a0</p><p>Obserwujcie te\\u017c nasze profile w social mediach: Facebooku, Instagramie i Twitterze. Postaramy si\\u0119 przygotowa\\u0107 dla Was co\\u015b, co umili Wam czekanie!\\u00a0</p><p>Do zobaczenia na 16 edycji, ju\\u017c w pa\\u017adzierniku 2020!</p><p>Organizatorzy 16.SFI<br/><a href=\\\"https://www.facebook.com/ksi.uj/?__tn__=K-R&amp;eid=ARAoBFbGt5BpbtViuvWetE-ZEqybmYsmnnkxEs10hTWLpzKAWNxVjoqCaU2R_QJ3SN9bgnXcdE4WivMf&amp;fref=mentions&amp;__xts__%5B0%5D=68.ARAhKx6YVlx2yQF67MOA80w-mLtpcl3e1hEtD_X6cy1DBa5O1T-8NuQQbl7cQx9hDeLXqf3t8gvQnwnf3kFqhTsbZnFLvmIJMztOac5kP3Jx8jIa_wg2-vnQ7hMkWjbYR6ugMts-CCL7CC77ipFpxpvjfgrheqn07nMkXFPbt8NCfY96I-ICItrDTQ36l7ovehL4k6CS13gzUDiZJlRT3aEIylCRH675GgapOlebbE-Jie-TPx878b1S0hW-7NeHV6g-v0WFW4CseFnMqRhyjVGS1uTPSKDGN5wBnnF9cdYwqRRJ9kkaEX9PzzcVsr4f\\\">Ko\\u0142o Student\\u00f3w Informatyki UJ</a><br/><a href=\\\"https://www.facebook.com/KniOnPk/?__tn__=K-R&amp;eid=ARBqCiu3neEbouBaB0KWwKbJ7wnkxq-c6bS-FWkEEcWCyM4f2LDt6YzBzUAVjSAwf5bAU1LxWmVKn5L9&amp;fref=mentions&amp;__xts__%5B0%5D=68.ARAhKx6YVlx2yQF67MOA80w-mLtpcl3e1hEtD_X6cy1DBa5O1T-8NuQQbl7cQx9hDeLXqf3t8gvQnwnf3kFqhTsbZnFLvmIJMztOac5kP3Jx8jIa_wg2-vnQ7hMkWjbYR6ugMts-CCL7CC77ipFpxpvjfgrheqn07nMkXFPbt8NCfY96I-ICItrDTQ36l7ovehL4k6CS13gzUDiZJlRT3aEIylCRH675GgapOlebbE-Jie-TPx878b1S0hW-7NeHV6g-v0WFW4CseFnMqRhyjVGS1uTPSKDGN5wBnnF9cdYwqRRJ9kkaEX9PzzcVsr4f\\\">Ko\\u0142o Naukowe Informatyki PK</a><br/><a href=\\\"https://www.facebook.com/KNIUEK/?__tn__=K-R&amp;eid=ARCGBu8j5m9yCNUQsezvSAs0skpEdO2OXvi-GHu6t1L25R33ck9qfp2dnSZ0fl5ytNCBNSKS2203s44k&amp;fref=mentions&amp;__xts__%5B0%5D=68.ARAhKx6YVlx2yQF67MOA80w-mLtpcl3e1hEtD_X6cy1DBa5O1T-8NuQQbl7cQx9hDeLXqf3t8gvQnwnf3kFqhTsbZnFLvmIJMztOac5kP3Jx8jIa_wg2-vnQ7hMkWjbYR6ugMts-CCL7CC77ipFpxpvjfgrheqn07nMkXFPbt8NCfY96I-ICItrDTQ36l7ovehL4k6CS13gzUDiZJlRT3aEIylCRH675GgapOlebbE-Jie-TPx878b1S0hW-7NeHV6g-v0WFW4CseFnMqRhyjVGS1uTPSKDGN5wBnnF9cdYwqRRJ9kkaEX9PzzcVsr4f\\\">Ko\\u0142o Naukowe i::team UEK</a><br/><a href=\\\"https://www.facebook.com/knbit\\\">Ko\\u0142o Naukowe BIT AGH</a></p><p>PS. Wobec wielu pyta\\u0144, jakie w ostatnich dniach do nas kierowali\\u015bcie, przypominamy, \\u017ce SFI nie organizuje \\u017cadna uczelnia, ale studenci z 4 k\\u00f3\\u0142 naukowych, kt\\u00f3re podpisa\\u0142y porozumienie o wsp\\u00f3lnej organizacji Festiwalu. Pomaga nam Fundacja Academica, kt\\u00f3ra zajmuje si\\u0119 sprawami prawnymi i ksi\\u0119gowymi.\\u00a0</p>\", \"content_en\": \"<p>Kochani!</p><p>Wczoraj wieczorem (10.03) podj\\u0119li\\u015bmy decyzj\\u0119 o przeniesieniu 16 edycji Studenckiego Festiwalu Informatycznego na pa\\u017adziernik 2020.\\u00a0</p><p>Przez ostatnie dni walczyli\\u015bmy, aby Festiwal odby\\u0142 si\\u0119 zgodnie z planem. Jeszcze w zesz\\u0142ym tygodniu zak\\u0142adali\\u015bmy, \\u017ce uda nam si\\u0119 spotka\\u0107 od 26 do 28 marca. Niestety, w obliczu pogarszaj\\u0105cej si\\u0119 sytuacji epidemiologicznej oraz faktu, \\u017ce wiele uczelni odwo\\u0142uje zaj\\u0119cia, a firmy przechodz\\u0105 na prac\\u0119 zdaln\\u0105, uznali\\u015bmy, \\u017ce nie mo\\u017cemy ryzykowa\\u0107 zdrowia naszych uczestnik\\u00f3w, prelegent\\u00f3w i partner\\u00f3w. Decyzja ta wi\\u0105\\u017ce si\\u0119 ze stratami finansowymi, wierzymy jednak, \\u017ce na ten moment to najlepsze rozwi\\u0105zanie.</p><p>W ci\\u0105gu minionych 9 miesi\\u0119cy ponad 60 organizator\\u00f3w \\u2013 student\\u00f3w k\\u00f3\\u0142 informatycznych z 4 krakowskich uczelni (AGH, UJ, PK, UEK) \\u2013 stara\\u0142o si\\u0119 stworzy\\u0107 dla Was najfajniejszy festiwal IT w Polsce. Odbyli\\u015bmy mn\\u00f3stwo spotka\\u0144, napisali\\u015bmy tysi\\u0105ce linijek kodu, wymienili\\u015bmy setki maili z prelegentami, sponsorami i kontrahentami, stworzyli\\u015bmy dziesi\\u0105tki grafik. To wszystko NIE p\\u00f3jdzie na marne, bo i tak spotkamy si\\u0119 na 16 edycji \\u2013 jeszcze w tym roku.\\u00a0</p><p>Dzi\\u0119kujemy Wam za wsparcie i \\u017cywe zainteresowanie naszym Festiwalem.</p><p>Je\\u015bli chcecie by\\u0107 na bie\\u017c\\u0105co ze wszystkimi aktualizacjami (np. nowym terminem 16.SFI) zapiszcie si\\u0119 do naszego newslettera: <a href=\\\"http://newsletter.sfi.pl/\\\">newsletter.sfi.pl/</a>.\\u00a0</p><p>Obserwujcie te\\u017c nasze profile w social mediach: Facebooku, Instagramie i Twitterze. Postaramy si\\u0119 przygotowa\\u0107 dla Was co\\u015b, co umili Wam czekanie!\\u00a0</p><p>Do zobaczenia na 16 edycji, ju\\u017c w pa\\u017adzierniku 2020!</p><p>Organizatorzy 16.SFI<br/><a href=\\\"https://www.facebook.com/ksi.uj/?__tn__=K-R&amp;eid=ARAoBFbGt5BpbtViuvWetE-ZEqybmYsmnnkxEs10hTWLpzKAWNxVjoqCaU2R_QJ3SN9bgnXcdE4WivMf&amp;fref=mentions&amp;__xts__%5B0%5D=68.ARAhKx6YVlx2yQF67MOA80w-mLtpcl3e1hEtD_X6cy1DBa5O1T-8NuQQbl7cQx9hDeLXqf3t8gvQnwnf3kFqhTsbZnFLvmIJMztOac5kP3Jx8jIa_wg2-vnQ7hMkWjbYR6ugMts-CCL7CC77ipFpxpvjfgrheqn07nMkXFPbt8NCfY96I-ICItrDTQ36l7ovehL4k6CS13gzUDiZJlRT3aEIylCRH675GgapOlebbE-Jie-TPx878b1S0hW-7NeHV6g-v0WFW4CseFnMqRhyjVGS1uTPSKDGN5wBnnF9cdYwqRRJ9kkaEX9PzzcVsr4f\\\">Ko\\u0142o Student\\u00f3w Informatyki UJ</a><br/><a href=\\\"https://www.facebook.com/KniOnPk/?__tn__=K-R&amp;eid=ARBqCiu3neEbouBaB0KWwKbJ7wnkxq-c6bS-FWkEEcWCyM4f2LDt6YzBzUAVjSAwf5bAU1LxWmVKn5L9&amp;fref=mentions&amp;__xts__%5B0%5D=68.ARAhKx6YVlx2yQF67MOA80w-mLtpcl3e1hEtD_X6cy1DBa5O1T-8NuQQbl7cQx9hDeLXqf3t8gvQnwnf3kFqhTsbZnFLvmIJMztOac5kP3Jx8jIa_wg2-vnQ7hMkWjbYR6ugMts-CCL7CC77ipFpxpvjfgrheqn07nMkXFPbt8NCfY96I-ICItrDTQ36l7ovehL4k6CS13gzUDiZJlRT3aEIylCRH675GgapOlebbE-Jie-TPx878b1S0hW-7NeHV6g-v0WFW4CseFnMqRhyjVGS1uTPSKDGN5wBnnF9cdYwqRRJ9kkaEX9PzzcVsr4f\\\">Ko\\u0142o Naukowe Informatyki PK</a><br/><a href=\\\"https://www.facebook.com/KNIUEK/?__tn__=K-R&amp;eid=ARCGBu8j5m9yCNUQsezvSAs0skpEdO2OXvi-GHu6t1L25R33ck9qfp2dnSZ0fl5ytNCBNSKS2203s44k&amp;fref=mentions&amp;__xts__%5B0%5D=68.ARAhKx6YVlx2yQF67MOA80w-mLtpcl3e1hEtD_X6cy1DBa5O1T-8NuQQbl7cQx9hDeLXqf3t8gvQnwnf3kFqhTsbZnFLvmIJMztOac5kP3Jx8jIa_wg2-vnQ7hMkWjbYR6ugMts-CCL7CC77ipFpxpvjfgrheqn07nMkXFPbt8NCfY96I-ICItrDTQ36l7ovehL4k6CS13gzUDiZJlRT3aEIylCRH675GgapOlebbE-Jie-TPx878b1S0hW-7NeHV6g-v0WFW4CseFnMqRhyjVGS1uTPSKDGN5wBnnF9cdYwqRRJ9kkaEX9PzzcVsr4f\\\">Ko\\u0142o Naukowe i::team UEK</a><br/><a href=\\\"https://www.facebook.com/knbit\\\">Ko\\u0142o Naukowe BIT AGH</a></p><p>PS. Wobec wielu pyta\\u0144, jakie w ostatnich dniach do nas kierowali\\u015bcie, przypominamy, \\u017ce SFI nie organizuje \\u017cadna uczelnia, ale studenci z 4 k\\u00f3\\u0142 naukowych, kt\\u00f3re podpisa\\u0142y porozumienie o wsp\\u00f3lnej organizacji Festiwalu. Pomaga nam Fundacja Academica, kt\\u00f3ra zajmuje si\\u0119 sprawami prawnymi i ksi\\u0119gowymi.\\u00a0</p>\", \"content_pl\": \"<p>Kochani!</p><p>Wczoraj wieczorem (10.03) podj\\u0119li\\u015bmy decyzj\\u0119 o przeniesieniu 16 edycji Studenckiego Festiwalu Informatycznego na pa\\u017adziernik 2020.\\u00a0</p><p>Przez ostatnie dni walczyli\\u015bmy, aby Festiwal odby\\u0142 si\\u0119 zgodnie z planem. Jeszcze w zesz\\u0142ym tygodniu zak\\u0142adali\\u015bmy, \\u017ce uda nam si\\u0119 spotka\\u0107 od 26 do 28 marca. Niestety, w obliczu pogarszaj\\u0105cej si\\u0119 sytuacji epidemiologicznej oraz faktu, \\u017ce wiele uczelni odwo\\u0142uje zaj\\u0119cia, a firmy przechodz\\u0105 na prac\\u0119 zdaln\\u0105, uznali\\u015bmy, \\u017ce nie mo\\u017cemy ryzykowa\\u0107 zdrowia naszych uczestnik\\u00f3w, prelegent\\u00f3w i partner\\u00f3w. Decyzja ta wi\\u0105\\u017ce si\\u0119 ze stratami finansowymi, wierzymy jednak, \\u017ce na ten moment to najlepsze rozwi\\u0105zanie.</p><p>W ci\\u0105gu minionych 9 miesi\\u0119cy ponad 60 organizator\\u00f3w \\u2013 student\\u00f3w k\\u00f3\\u0142 informatycznych z 4 krakowskich uczelni (AGH, UJ, PK, UEK) \\u2013 stara\\u0142o si\\u0119 stworzy\\u0107 dla Was najfajniejszy festiwal IT w Polsce. Odbyli\\u015bmy mn\\u00f3stwo spotka\\u0144, napisali\\u015bmy tysi\\u0105ce linijek kodu, wymienili\\u015bmy setki maili z prelegentami, sponsorami i kontrahentami, stworzyli\\u015bmy dziesi\\u0105tki grafik. To wszystko NIE p\\u00f3jdzie na marne, bo i tak spotkamy si\\u0119 na 16 edycji \\u2013 jeszcze w tym roku.\\u00a0</p><p>Dzi\\u0119kujemy Wam za wsparcie i \\u017cywe zainteresowanie naszym Festiwalem.</p><p>Je\\u015bli chcecie by\\u0107 na bie\\u017c\\u0105co ze wszystkimi aktualizacjami (np. nowym terminem 16.SFI) zapiszcie si\\u0119 do naszego newslettera: <a href=\\\"http://newsletter.sfi.pl/\\\">newsletter.sfi.pl/</a>.\\u00a0</p><p>Obserwujcie te\\u017c nasze profile w social mediach: Facebooku, Instagramie i Twitterze. Postaramy si\\u0119 przygotowa\\u0107 dla Was co\\u015b, co umili Wam czekanie!\\u00a0</p><p>Do zobaczenia na 16 edycji, ju\\u017c w pa\\u017adzierniku 2020!</p><p>Organizatorzy 16.SFI<br/><a href=\\\"https://www.facebook.com/ksi.uj/?__tn__=K-R&amp;eid=ARAoBFbGt5BpbtViuvWetE-ZEqybmYsmnnkxEs10hTWLpzKAWNxVjoqCaU2R_QJ3SN9bgnXcdE4WivMf&amp;fref=mentions&amp;__xts__%5B0%5D=68.ARAhKx6YVlx2yQF67MOA80w-mLtpcl3e1hEtD_X6cy1DBa5O1T-8NuQQbl7cQx9hDeLXqf3t8gvQnwnf3kFqhTsbZnFLvmIJMztOac5kP3Jx8jIa_wg2-vnQ7hMkWjbYR6ugMts-CCL7CC77ipFpxpvjfgrheqn07nMkXFPbt8NCfY96I-ICItrDTQ36l7ovehL4k6CS13gzUDiZJlRT3aEIylCRH675GgapOlebbE-Jie-TPx878b1S0hW-7NeHV6g-v0WFW4CseFnMqRhyjVGS1uTPSKDGN5wBnnF9cdYwqRRJ9kkaEX9PzzcVsr4f\\\">Ko\\u0142o Student\\u00f3w Informatyki UJ</a><br/><a href=\\\"https://www.facebook.com/KniOnPk/?__tn__=K-R&amp;eid=ARBqCiu3neEbouBaB0KWwKbJ7wnkxq-c6bS-FWkEEcWCyM4f2LDt6YzBzUAVjSAwf5bAU1LxWmVKn5L9&amp;fref=mentions&amp;__xts__%5B0%5D=68.ARAhKx6YVlx2yQF67MOA80w-mLtpcl3e1hEtD_X6cy1DBa5O1T-8NuQQbl7cQx9hDeLXqf3t8gvQnwnf3kFqhTsbZnFLvmIJMztOac5kP3Jx8jIa_wg2-vnQ7hMkWjbYR6ugMts-CCL7CC77ipFpxpvjfgrheqn07nMkXFPbt8NCfY96I-ICItrDTQ36l7ovehL4k6CS13gzUDiZJlRT3aEIylCRH675GgapOlebbE-Jie-TPx878b1S0hW-7NeHV6g-v0WFW4CseFnMqRhyjVGS1uTPSKDGN5wBnnF9cdYwqRRJ9kkaEX9PzzcVsr4f\\\">Ko\\u0142o Naukowe Informatyki PK</a><br/><a href=\\\"https://www.facebook.com/KNIUEK/?__tn__=K-R&amp;eid=ARCGBu8j5m9yCNUQsezvSAs0skpEdO2OXvi-GHu6t1L25R33ck9qfp2dnSZ0fl5ytNCBNSKS2203s44k&amp;fref=mentions&amp;__xts__%5B0%5D=68.ARAhKx6YVlx2yQF67MOA80w-mLtpcl3e1hEtD_X6cy1DBa5O1T-8NuQQbl7cQx9hDeLXqf3t8gvQnwnf3kFqhTsbZnFLvmIJMztOac5kP3Jx8jIa_wg2-vnQ7hMkWjbYR6ugMts-CCL7CC77ipFpxpvjfgrheqn07nMkXFPbt8NCfY96I-ICItrDTQ36l7ovehL4k6CS13gzUDiZJlRT3aEIylCRH675GgapOlebbE-Jie-TPx878b1S0hW-7NeHV6g-v0WFW4CseFnMqRhyjVGS1uTPSKDGN5wBnnF9cdYwqRRJ9kkaEX9PzzcVsr4f\\\">Ko\\u0142o Naukowe i::team UEK</a><br/><a href=\\\"https://www.facebook.com/knbit\\\">Ko\\u0142o Naukowe BIT AGH</a></p><p>PS. Wobec wielu pyta\\u0144, jakie w ostatnich dniach do nas kierowali\\u015bcie, przypominamy, \\u017ce SFI nie organizuje \\u017cadna uczelnia, ale studenci z 4 k\\u00f3\\u0142 naukowych, kt\\u00f3re podpisa\\u0142y porozumienie o wsp\\u00f3lnej organizacji Festiwalu. Pomaga nam Fundacja Academica, kt\\u00f3ra zajmuje si\\u0119 sprawami prawnymi i ksi\\u0119gowymi.\\u00a0</p>\", \"date\": \"2020-05-04T17:56:00Z\"}",
    "approved_go_live_at": null
  }
},
{
  "model": "wagtailcore.pagerevision",
  "pk": 7,
  "fields": {
    "page": 8,
    "submitted_for_moderation": false,
    "created_at": "2020-05-04T17:57:43.460Z",
    "user": 1,
    "content_json": "{\"pk\": 8, \"path\": \"0001000100010004\", \"depth\": 4, \"numchild\": 0, \"title\": \"Zapisy na warsztaty\", \"title_en\": \"Zapisy na warsztaty\", \"title_pl\": \"Zapisy na warsztaty\", \"draft_title\": \"Zapisy na warsztaty\", \"slug\": \"zapisy-na-warsztaty\", \"slug_en\": \"zapisy-na-warsztaty\", \"slug_pl\": \"zapisy-na-warsztaty\", \"content_type\": 27, \"live\": true, \"has_unpublished_changes\": false, \"url_path\": \"/home/news/zapisy-na-warsztaty/\", \"url_path_en\": \"/home/news/zapisy-na-warsztaty/\", \"url_path_pl\": \"/home/aktualnosci/zapisy-na-warsztaty/\", \"owner\": 1, \"seo_title\": \"\", \"seo_title_en\": null, \"seo_title_pl\": null, \"show_in_menus\": false, \"search_description\": \"\", \"search_description_en\": \"\", \"search_description_pl\": \"\", \"go_live_at\": null, \"expire_at\": null, \"expired\": false, \"locked\": false, \"locked_at\": null, \"locked_by\": null, \"first_published_at\": null, \"last_published_at\": null, \"latest_revision_created_at\": null, \"live_revision\": null, \"featured_image\": null, \"content\": \"<p>Wiemy, \\u017ce z niecierpliwo\\u015bci\\u0105\\u00a0wypatrujecie zapis\\u00f3w na warsztaty. Nie trzymamy Was d\\u0142u\\u017cej w niepewno\\u015bci \\u2013 rozpoczn\\u0105 si\\u0119 w poniedzia\\u0142ek 9 marca o 10:00!\\u00a0Przygotujcie si\\u0119 te\\u017c na ich now\\u0105 form\\u0119\\u00a0\\ud83d\\ude03</p><p>Cz\\u0119\\u015b\\u0107 zapis\\u00f3w odb\\u0119dzie si\\u0119 w systemie \\u201ckto pierwszy, ten lepszy\\u201d, wi\\u0119c b\\u0105d\\u017acie czujni\\u00a0\\ud83e\\uddd0</p><p>W tym roku mo\\u017cecie wzi\\u0105\\u0107 udzia\\u0142 w warsztatach zakresu sztucznej inteligencji, gamedevu i security! Pe\\u0142n\\u0105 list\\u0119 wraz z godzinami znajdziecie w agendzie.</p>\", \"content_en\": \"<p>Wiemy, \\u017ce z niecierpliwo\\u015bci\\u0105\\u00a0wypatrujecie zapis\\u00f3w na warsztaty. Nie trzymamy Was d\\u0142u\\u017cej w niepewno\\u015bci \\u2013 rozpoczn\\u0105 si\\u0119 w poniedzia\\u0142ek 9 marca o 10:00!\\u00a0Przygotujcie si\\u0119 te\\u017c na ich now\\u0105 form\\u0119\\u00a0\\ud83d\\ude03</p><p>Cz\\u0119\\u015b\\u0107 zapis\\u00f3w odb\\u0119dzie si\\u0119 w systemie \\u201ckto pierwszy, ten lepszy\\u201d, wi\\u0119c b\\u0105d\\u017acie czujni\\u00a0\\ud83e\\uddd0</p><p>W tym roku mo\\u017cecie wzi\\u0105\\u0107 udzia\\u0142 w warsztatach zakresu sztucznej inteligencji, gamedevu i security! Pe\\u0142n\\u0105 list\\u0119 wraz z godzinami znajdziecie w agendzie.</p>\", \"content_pl\": \"<p>Wiemy, \\u017ce z niecierpliwo\\u015bci\\u0105\\u00a0wypatrujecie zapis\\u00f3w na warsztaty. Nie trzymamy Was d\\u0142u\\u017cej w niepewno\\u015bci \\u2013 rozpoczn\\u0105 si\\u0119 w poniedzia\\u0142ek 9 marca o 10:00!\\u00a0Przygotujcie si\\u0119 te\\u017c na ich now\\u0105 form\\u0119\\u00a0\\ud83d\\ude03</p><p>Cz\\u0119\\u015b\\u0107 zapis\\u00f3w odb\\u0119dzie si\\u0119 w systemie \\u201ckto pierwszy, ten lepszy\\u201d, wi\\u0119c b\\u0105d\\u017acie czujni\\u00a0\\ud83e\\uddd0</p><p>W tym roku mo\\u017cecie wzi\\u0105\\u0107 udzia\\u0142 w warsztatach zakresu sztucznej inteligencji, gamedevu i security! Pe\\u0142n\\u0105 list\\u0119 wraz z godzinami znajdziecie w agendzie.</p>\", \"date\": \"2020-05-04T17:56:00Z\"}",
    "approved_go_live_at": null
  }
},
{
  "model": "wagtailcore.pagerevision",
  "pk": 8,
  "fields": {
    "page": 9,
    "submitted_for_moderation": false,
    "created_at": "2020-05-04T17:58:57.360Z",
    "user": 1,
    "content_json": "{\"pk\": 9, \"path\": \"000100010002\", \"depth\": 3, \"numchild\": 0, \"title\": \"About SFI\", \"title_en\": \"About SFI\", \"title_pl\": \"O nas\", \"draft_title\": \"About SFI\", \"slug\": \"about-sfi\", \"slug_en\": \"about-sfi\", \"slug_pl\": \"o-nas\", \"content_type\": 3, \"live\": true, \"has_unpublished_changes\": false, \"url_path\": \"/home/about-sfi/\", \"url_path_en\": \"/home/about-sfi/\", \"url_path_pl\": \"/home/o-nas/\", \"owner\": 1, \"seo_title\": \"\", \"seo_title_en\": null, \"seo_title_pl\": null, \"show_in_menus\": false, \"search_description\": \"\", \"search_description_en\": \"\", \"search_description_pl\": \"\", \"go_live_at\": null, \"expire_at\": null, \"expired\": false, \"locked\": false, \"locked_at\": null, \"locked_by\": null, \"first_published_at\": null, \"last_published_at\": null, \"latest_revision_created_at\": null, \"live_revision\": null, \"featured_image\": null, \"content\": \"[{\\\"type\\\": \\\"paragraph\\\", \\\"value\\\": \\\"<p>Academic IT Festival is an international conference organized since 2005 by students, for everyone. Each year in Cracow we gather IT-enthusiasts from the entire country along with people passionate about informatics, regardless of their profession.</p><p>The conference annually hosts distinguished and well-known guests from the entire IT environment. The participants have an unique opportunity to listen to the lectures given by those amazing people and take part in workshops to develop their practical skills. Diversity of the topics allows everybody to find something interesting. It is rare opportunity to meet lots of experts face to face in one place and learn from them.</p><p>The festival gives you a chance to share your knowledge, views, opinions and more, with people with similar interests. It lets you become more aware of the IT world, make new connections, meet interesting people, expand horizons.</p><p>And the best part is \\\\u2013 it does not cost you a thing!</p><p>Financially speaking, it is absolutely free. The only ticket you will ever need is passion and interest.</p><p>Three days, over a dozen of lectures and lot of speakers. All that for thousands of satisfied participants and uncountable amount of gained skills, positive impressions and emotions. That is what SFI is all about. This conference is one of a kind, organized year after year by students, for students.</p><p>You cannot miss this!</p>\\\", \\\"id\\\": \\\"0a23f4d0-4b17-422e-914e-b56012e90d56\\\"}]\", \"content_en\": \"[{\\\"type\\\": \\\"paragraph\\\", \\\"value\\\": \\\"<p>Academic IT Festival is an international conference organized since 2005 by students, for everyone. Each year in Cracow we gather IT-enthusiasts from the entire country along with people passionate about informatics, regardless of their profession.</p><p>The conference annually hosts distinguished and well-known guests from the entire IT environment. The participants have an unique opportunity to listen to the lectures given by those amazing people and take part in workshops to develop their practical skills. Diversity of the topics allows everybody to find something interesting. It is rare opportunity to meet lots of experts face to face in one place and learn from them.</p><p>The festival gives you a chance to share your knowledge, views, opinions and more, with people with similar interests. It lets you become more aware of the IT world, make new connections, meet interesting people, expand horizons.</p><p>And the best part is \\\\u2013 it does not cost you a thing!</p><p>Financially speaking, it is absolutely free. The only ticket you will ever need is passion and interest.</p><p>Three days, over a dozen of lectures and lot of speakers. All that for thousands of satisfied participants and uncountable amount of gained skills, positive impressions and emotions. That is what SFI is all about. This conference is one of a kind, organized year after year by students, for students.</p><p>You cannot miss this!</p>\\\", \\\"id\\\": \\\"0a23f4d0-4b17-422e-914e-b56012e90d56\\\"}]\", \"content_pl\": \"[{\\\"type\\\": \\\"paragraph\\\", \\\"value\\\": \\\"<p>Studencki Festiwal Informatyczny jest mi\\\\u0119dzynarodow\\\\u0105 konferencj\\\\u0105 organizowan\\\\u0105 od 2005 r. przez student\\\\u00f3w, dla student\\\\u00f3w. Co roku, w Krakowie, jednoczy ona pochodz\\\\u0105cych z ca\\\\u0142ej Polski informatyk\\\\u00f3w, a tak\\\\u017ce wszystkich pasjonat\\\\u00f3w tej dziedziny, niezale\\\\u017cnie od ich profesji.</p><p>Konferencja ka\\\\u017cdorazowo go\\\\u015bci wybitne i znane w \\\\u015brodowisku IT osobisto\\\\u015bci. Uczestnicy maj\\\\u0105 mo\\\\u017cliwo\\\\u015b\\\\u0107 wys\\\\u0142ucha\\\\u0107 prowadzonych przez nich prelekcji, czy wzi\\\\u0105\\\\u0107 udzia\\\\u0142 w warsztatach kszta\\\\u0142tuj\\\\u0105cych praktyczne umiej\\\\u0119tno\\\\u015bci. R\\\\u00f3\\\\u017cnorodno\\\\u015b\\\\u0107 poruszanych temat\\\\u00f3w sprawia, \\\\u017ce ka\\\\u017cdy znajdzie tu co\\\\u015b dla siebie. Jest to jedyna i niepowtarzalna okazja, aby zaczerpn\\\\u0105\\\\u0107 nieco z do\\\\u015bwiadczenia mistrz\\\\u00f3w, wzbogacaj\\\\u0105c tym samym w\\\\u0142asn\\\\u0105 wiedz\\\\u0119 teoretyczn\\\\u0105 nabyt\\\\u0105 w trakcie studi\\\\u00f3w.</p><p>Festiwal jest niebywa\\\\u0142\\\\u0105 szans\\\\u0105 na wymian\\\\u0119 informacji i pogl\\\\u0105d\\\\u00f3w z lud\\\\u017ami dziel\\\\u0105cymi podobne zainteresowania. Daje mo\\\\u017cliwo\\\\u015b\\\\u0107 nawi\\\\u0105zania ciekawych znajomo\\\\u015bci, pozwala wdr\\\\u0105\\\\u017cy\\\\u0107 si\\\\u0119 bardziej w \\\\u015brodowisko informatyczne, rozszerza horyzonty, a co najwa\\\\u017cniejsze-udzia\\\\u0142 w nim nie kosztuje nic, m\\\\u00f3wi\\\\u0105c oczywi\\\\u015bcie o kwestiach materialnych. Biletem wst\\\\u0119pu s\\\\u0105 jedynie pasja i odrobina ch\\\\u0119ci oraz zainteresowania tematem.</p><p>Kilka dni, kilkana\\\\u015bcie wyk\\\\u0142ad\\\\u00f3w i warsztat\\\\u00f3w, kilkunastu prelegent\\\\u00f3w, kilkudziesi\\\\u0119ciu organizator\\\\u00f3w, kilka tysi\\\\u0119cy zadowolonych uczestnik\\\\u00f3w oraz niezmierzona ilo\\\\u015b\\\\u0107 pozytywnych wra\\\\u017ce\\\\u0144, emocji i nabytych umiej\\\\u0119tno\\\\u015bci-oto ca\\\\u0142y Studencki Festiwal Informatyczny. Konferencja jedyna w swoim rodzaju, organizowana co roku przez student\\\\u00f3w, dla student\\\\u00f3w, non-profit.</p><p>Tego nie mo\\\\u017cna przegapi\\\\u0107!</p>\\\", \\\"id\\\": \\\"e647a00b-d4ce-4fd6-b48c-884e46dd2369\\\"}]\"}",
    "approved_go_live_at": null
  }
},
{
  "model": "wagtailcore.pagerevision",
  "pk": 9,
  "fields": {
    "page": 10,
    "submitted_for_moderation": false,
    "created_at": "2020-05-04T18:00:14.496Z",
    "user": 1,
    "content_json": "{\"pk\": 10, \"path\": \"000100010003\", \"depth\": 3, \"numchild\": 0, \"title\": \"FAQ\", \"title_en\": \"FAQ\", \"title_pl\": \"FAQ\", \"draft_title\": \"FAQ\", \"slug\": \"faq\", \"slug_en\": \"faq\", \"slug_pl\": \"faq\", \"content_type\": 3, \"live\": true, \"has_unpublished_changes\": false, \"url_path\": \"/home/faq/\", \"url_path_en\": \"/home/faq/\", \"url_path_pl\": \"/home/faq/\", \"owner\": 1, \"seo_title\": \"\", \"seo_title_en\": null, \"seo_title_pl\": null, \"show_in_menus\": false, \"search_description\": \"\", \"search_description_en\": \"\", \"search_description_pl\": \"\", \"go_live_at\": null, \"expire_at\": null, \"expired\": false, \"locked\": false, \"locked_at\": null, \"locked_by\": null, \"first_published_at\": null, \"last_published_at\": null, \"latest_revision_created_at\": null, \"live_revision\": null, \"featured_image\": null, \"content\": \"[{\\\"type\\\": \\\"paragraph\\\", \\\"value\\\": \\\"<h3>Do I need to register for lectures?</h3><p>No, participation in lectures at SFI does not require any prior registration.</p><h3>Do I need to register for workshops?</h3><p>Yes, participation in workshops at SFI does require prior registration due to the limited number of participants. Registration will be announced a few days before the Festival on our Facebook page: facebook.com/sfikrakow.</p><h3>Can I get a confirmation of participation in the Conference (workshop)?</h3><p>Confirmations of participation in the Conference, signed by the Lead Coordinator, can be obtained at the SFI front desk during the event.<br/>Confirmations of participation in a specific workshop, signed by the teacher, are handed out after the workshop.</p><h3>Can you provide me with an excused absence from classes for either University or lower levels school?</h3><p>You can get a confirmation of participation, mentioned above. However, it depends entirely on your teachers, whether or not it counts as an excused absence.</p><h3>I have comments about SFI, how can I share them with the organizers?</h3><p>We encourage you to share them with us in person during SFI. You can also send them to us via the contact form below. We will be happy to receive any comments so that we can improve SFI together.</p><h3>Where can I find up-to-date info about the program and the speakers?</h3><p>All this information can be found on Our website: https://www.sfi.org.pl/.</p><h3>Can I take photos or record lectures or workshops?</h3><p>Taking photos is allowed as long as you do it discreetly \\\\u2013 do not disturb the lecture/workshop, so no flash or loud sounds. Not all of the speakers give consent for the recording of their presentations. We politely ask you to refrain from recording videos during SFI to respect the privacy and requests of our presenters. Lectures will be recorded by those who have explicit permissions from the organizers and then shared on our YouTube.</p><h3>Where are/will be available the recordings of the lectures?</h3><p>Selected recordings will be uploaded to our YouTube profile: http://www.youtube.com/user/StudenckiFestiwalInf</p><h3>I\\\\u2019d like to talk to a speaker about his presentation \\\\u2013 is there such a possibility?</h3><p>We will try to create a calm place for such conversation, however, it depends entirely on the speaker. Above all, we ask you to respect the privacy of our speakers who are either preparing to or relaxing after their lectures and do not interrupt them in the Speakers\\\\u2019 room.</p><h3>I want to get my hands on SFI T-shirt, how do I do that?</h3><p>There are a few ways you can come across an SFI T-shirt. You can take part in any of our contests, attend the lectures (sometimes we give out shirts at the end) or join us and become an Organizer!</p><h3>Are there any restaurants near the SFI venue?</h3><p>Yes, there is a couple of places near SFI where you can grab a bite. You can get more accurate information by checking out our map, available in the SFI-leaflets handed out at the SFI front desk.</p><h3>I need power! Where can I charge my mobile/laptop?</h3><p>There will be marked places on SFI intended for this purpose.<br/>Power will be also available in workshop classrooms.</p><h3>I\\\\u2019ve found/lost something on SFI, what to do next?</h3><p>Please contact the SFI front desk.</p><h3>I need free wi-fi.</h3><p>We will prepare free wi-fi for participants, details on site.</p>\\\", \\\"id\\\": \\\"07fd477e-d0fc-48c3-947e-9393698de8b9\\\"}]\", \"content_en\": \"[{\\\"type\\\": \\\"paragraph\\\", \\\"value\\\": \\\"<h3>Do I need to register for lectures?</h3><p>No, participation in lectures at SFI does not require any prior registration.</p><h3>Do I need to register for workshops?</h3><p>Yes, participation in workshops at SFI does require prior registration due to the limited number of participants. Registration will be announced a few days before the Festival on our Facebook page: facebook.com/sfikrakow.</p><h3>Can I get a confirmation of participation in the Conference (workshop)?</h3><p>Confirmations of participation in the Conference, signed by the Lead Coordinator, can be obtained at the SFI front desk during the event.<br/>Confirmations of participation in a specific workshop, signed by the teacher, are handed out after the workshop.</p><h3>Can you provide me with an excused absence from classes for either University or lower levels school?</h3><p>You can get a confirmation of participation, mentioned above. However, it depends entirely on your teachers, whether or not it counts as an excused absence.</p><h3>I have comments about SFI, how can I share them with the organizers?</h3><p>We encourage you to share them with us in person during SFI. You can also send them to us via the contact form below. We will be happy to receive any comments so that we can improve SFI together.</p><h3>Where can I find up-to-date info about the program and the speakers?</h3><p>All this information can be found on Our website: https://www.sfi.org.pl/.</p><h3>Can I take photos or record lectures or workshops?</h3><p>Taking photos is allowed as long as you do it discreetly \\\\u2013 do not disturb the lecture/workshop, so no flash or loud sounds. Not all of the speakers give consent for the recording of their presentations. We politely ask you to refrain from recording videos during SFI to respect the privacy and requests of our presenters. Lectures will be recorded by those who have explicit permissions from the organizers and then shared on our YouTube.</p><h3>Where are/will be available the recordings of the lectures?</h3><p>Selected recordings will be uploaded to our YouTube profile: http://www.youtube.com/user/StudenckiFestiwalInf</p><h3>I\\\\u2019d like to talk to a speaker about his presentation \\\\u2013 is there such a possibility?</h3><p>We will try to create a calm place for such conversation, however, it depends entirely on the speaker. Above all, we ask you to respect the privacy of our speakers who are either preparing to or relaxing after their lectures and do not interrupt them in the Speakers\\\\u2019 room.</p><h3>I want to get my hands on SFI T-shirt, how do I do that?</h3><p>There are a few ways you can come across an SFI T-shirt. You can take part in any of our contests, attend the lectures (sometimes we give out shirts at the end) or join us and become an Organizer!</p><h3>Are there any restaurants near the SFI venue?</h3><p>Yes, there is a couple of places near SFI where you can grab a bite. You can get more accurate information by checking out our map, available in the SFI-leaflets handed out at the SFI front desk.</p><h3>I need power! Where can I charge my mobile/laptop?</h3><p>There will be marked places on SFI intended for this purpose.<br/>Power will be also available in workshop classrooms.</p><h3>I\\\\u2019ve found/lost something on SFI, what to do next?</h3><p>Please contact the SFI front desk.</p><h3>I need free wi-fi.</h3><p>We will prepare free wi-fi for participants, details on site.</p>\\\", \\\"id\\\": \\\"07fd477e-d0fc-48c3-947e-9393698de8b9\\\"}]\", \"content_pl\": \"[{\\\"type\\\": \\\"paragraph\\\", \\\"value\\\": \\\"<h3>Czy udzia\\\\u0142 w wyk\\\\u0142adach wymaga rejestracji?</h3><p>Nie, udzia\\\\u0142 w wyk\\\\u0142adach podczas SFI nie wymaga wcze\\\\u015bniejszej rejestracji.</p><h3>Czy udzia\\\\u0142 w warsztatach wymaga rejestracji?</h3><p>Tak, udzia\\\\u0142 w warsztatach podczas SFI wymaga wcze\\\\u015bniejszej rejestracji ze wzgl\\\\u0119du na ograniczon\\\\u0105 liczb\\\\u0119 miejsc. Zapisy zostan\\\\u0105 og\\\\u0142oszone na kilka dni przed Festiwalem na naszym Facecbooku: <a href=\\\\\\\"https://facebook.com/sfikrakow\\\\\\\">http://facebook.com/sfikrakow</a>.</p><h3>Jak d\\\\u0142ugo trwa jeden wyk\\\\u0142ad?</h3><p>Standardowo jeden wyk\\\\u0142ad trwa oko\\\\u0142o 45 minut. Po ka\\\\u017cdym wyk\\\\u0142adzie przewidujemy 15 minut przerwy.</p><h3>Czy mog\\\\u0119 otrzyma\\\\u0107 potwierdzenie udzia\\\\u0142u w konferencji (lub w wybranych warsztatach)?</h3><p>Tak, za\\\\u015bwiadczenie o uczestnictwie w konferencji, podpisane przez Koordynatora G\\\\u0142\\\\u00f3wnego, mo\\\\u017cna odebra\\\\u0107 w Biurze Festiwalu. Potwierdzenie udzia\\\\u0142u w warsztatach wypisywane jest po ich zako\\\\u0144czeniu i po\\\\u015bwiadczane przez prowadz\\\\u0105cego.</p><h3>Czy organizatorzy zapewniaj\\\\u0105 zwolnienia z zaj\\\\u0119\\\\u0107 na uczelni wy\\\\u017cszej/w szkole \\\\u015bredniej?</h3><p>Zasady otrzymania pisemnego potwierdzenia uczestnictwa w SFI opisane zosta\\\\u0142y w punkcie powy\\\\u017cej, jednak o jego akceptacji jako zwolnienia zawsze decyduje prowadz\\\\u0105cy zaj\\\\u0119cia.</p><h3>Mam uwagi co do konferencji \\\\u2013 jak mog\\\\u0119 je przekaza\\\\u0107 organizatorom?</h3><p>Zach\\\\u0119camy do podzielenia si\\\\u0119 z nami swoimi uwagami i propozycjami bezpo\\\\u015brednio w trakcie festiwalu lub pisz\\\\u0105c na kontakt@sfi.org.pl. B\\\\u0119dziemy wdzi\\\\u0119czni za wszelkie wskaz\\\\u00f3wki!</p><h3>Gdzie mog\\\\u0119 znale\\\\u017a\\\\u0107 aktualne informacje o harmonogramie i prelegentach?</h3><p>Wszystkie informacje znajduj\\\\u0105 si\\\\u0119 na naszej stronie internetowej: <a href=\\\\\\\"https://sfi.org.pl/\\\\\\\">https://sfi.org.pl/</a>.</p><h3>Czy mog\\\\u0119 robi\\\\u0107 zdj\\\\u0119cia, nagrywa\\\\u0107 filmy z wyk\\\\u0142ad\\\\u00f3w/warsztat\\\\u00f3w?</h3><p>Robienie zdj\\\\u0119\\\\u0107 jest dozwolone pod warunkiem zachowania dyskrecji \\\\u2013 zabrania si\\\\u0119 u\\\\u017cywania lamp b\\\\u0142yskowych, gdy\\\\u017c mog\\\\u0105 one rozprasza\\\\u0107 prelegent\\\\u00f3w. Nie wszyscy wyk\\\\u0142adowcy wyra\\\\u017caj\\\\u0105 zgod\\\\u0119 na nagrywanie swoich wyst\\\\u0105pie\\\\u0144, dlatego prosimy o powstrzymanie si\\\\u0119 z filmowaniem na w\\\\u0142asn\\\\u0105 r\\\\u0119k\\\\u0119. Wyk\\\\u0142ady zarejestrowane zostan\\\\u0105 przez osoby uprawnione przez organizator\\\\u00f3w a wybrane nagrania udost\\\\u0119pnione na naszym profilu w serwisie YouTube.</p><h3>Gdzie dost\\\\u0119pne s\\\\u0105/b\\\\u0119d\\\\u0105 nagrania wideo z wyk\\\\u0142ad\\\\u00f3w?</h3><p>Wybrane nagrania z wyk\\\\u0142ad\\\\u00f3w dost\\\\u0119pne s\\\\u0105 na naszym profilu w serwisie YouTube:\\\\u00a0<a href=\\\\\\\"https://www.youtube.com/user/StudenckiFestiwalInf\\\\\\\">http://www.youtube.com/user/StudenckiFestiwalInf</a></p><h3>Chcia\\\\u0142bym sam na sam porozmawia\\\\u0107 d\\\\u0142u\\\\u017cej z prelegentem na temat jego prezentacji \\\\u2013 czy istnieje taka mo\\\\u017cliwo\\\\u015b\\\\u0107?</h3><p>Postaramy si\\\\u0119 zorganizowa\\\\u0107 spokojne miejsce, w kt\\\\u00f3rym mo\\\\u017cna zaaran\\\\u017cowa\\\\u0107 takie spotkanie, jednak wszystko uzale\\\\u017cnione jest od woli samego prelegenta. Apelujemy o uszanowanie prywatno\\\\u015bci naszych wyk\\\\u0142adowc\\\\u00f3w, przygotowuj\\\\u0105cych si\\\\u0119 do prezentacji b\\\\u0105d\\\\u017a odpoczywaj\\\\u0105cych po swoim wyst\\\\u0105pieniu i niewchodzenie do sali prelegent\\\\u00f3w.</p><h3>Chcia\\\\u0142bym otrzyma\\\\u0107 koszulk\\\\u0119 SFI \\\\u2013 jak mog\\\\u0119 sta\\\\u0107 si\\\\u0119 jej posiadaczem?</h3><p>Mo\\\\u017cna j\\\\u0105 zdoby\\\\u0107 na kilka sposob\\\\u00f3w \\\\u2013 bior\\\\u0105c udzia\\\\u0142 w konkursach, uczestnicz\\\\u0105c w wyk\\\\u0142adach (czasem koszulki rozdawane s\\\\u0105 pod koniec prelekcji) lub te\\\\u017c zosta\\\\u0107 jednym z organizator\\\\u00f3w festiwalu.</p><h3>Czy w pobli\\\\u017cu miejsca, w kt\\\\u00f3rym odbywa si\\\\u0119 SFI, s\\\\u0105 jakie\\\\u015b punkty gastronomiczne warte polecenia?</h3><p>Tak, miejsca gdzie mo\\\\u017cna smacznie zje\\\\u015b\\\\u0107 w okolicach festiwalu zaznaczone zosta\\\\u0142y na przygotowanej przez nas mapce. Mo\\\\u017cna j\\\\u0105 znale\\\\u017a\\\\u0107 w ulotce, kt\\\\u00f3r\\\\u0105 otrzymasz w recepcji Festiwalu.</p><h3>Czy na terenie SFI mog\\\\u0119 pod\\\\u0142adowa\\\\u0107 sobie telefon/laptopa?</h3><p>Tak, takie miejsca b\\\\u0119d\\\\u0105 odpowiednio oznaczone. Dost\\\\u0119p do pr\\\\u0105du zapewnimy r\\\\u00f3wnie\\\\u017c w salach, w kt\\\\u00f3rych b\\\\u0119d\\\\u0105 odbywa\\\\u0142y si\\\\u0119 warsztaty.</p><h3>Zgubi\\\\u0142em/znalaz\\\\u0142em co\\\\u015b na SFI, jak mog\\\\u0119 spr\\\\u00f3bowa\\\\u0107 to odzyska\\\\u0107 lub gdzie mam przekaza\\\\u0107 zgub\\\\u0119?</h3><p>Prosimy o kontakt z recepcj\\\\u0105 Festiwalu.</p><h3>Czy na terenie Festiwalu jest dost\\\\u0119pny darmowy Internet?</h3><p>Oczywi\\\\u015bcie, dla uczestnik\\\\u00f3w przygotujemy specjaln\\\\u0105 sie\\\\u0107 wi-fi.</p>\\\", \\\"id\\\": \\\"05c4c9ef-437b-4235-803b-baffd3439341\\\"}]\"}",
    "approved_go_live_at": null
  }
},
{
  "model": "wagtailcore.pagerevision",
  "pk": 10,
  "fields": {
    "page": 11,
    "submitted_for_moderation": false,
    "created_at": "2020-05-04T18:01:14.389Z",
    "user": 1,
    "content_json": "{\"pk\": 11, \"path\": \"000100010004\", \"depth\": 3, \"numchild\": 0, \"title\": \"Speakers\", \"title_en\": \"Speakers\", \"title_pl\": \"Prelegenci\", \"draft_title\": \"Speakers\", \"slug\": \"speakers\", \"slug_en\": \"speakers\", \"slug_pl\": \"prelegenci\", \"content_type\": 28, \"live\": true, \"has_unpublished_changes\": false, \"url_path\": \"/home/speakers/\", \"url_path_en\": \"/home/speakers/\", \"url_path_pl\": \"/home/prelegenci/\", \"owner\": 1, \"seo_title\": \"\", \"seo_title_en\": null, \"seo_title_pl\": null, \"show_in_menus\": false, \"search_description\": \"\", \"search_description_en\": \"\", \"search_description_pl\": \"\", \"go_live_at\": null, \"expire_at\": null, \"expired\": false, \"locked\": false, \"locked_at\": null, \"locked_by\": null, \"first_published_at\": null, \"last_published_at\": null, \"latest_revision_created_at\": null, \"live_revision\": null, \"featured_image\": null}",
    "approved_go_live_at": null
  }
},
{
  "model": "wagtailcore.pagerevision",
  "pk": 11,
  "fields": {
    "page": 12,
    "submitted_for_moderation": false,
    "created_at": "2020-05-04T18:02:19.286Z",
    "user": 1,
    "content_json": "{\"pk\": 12, \"path\": \"0001000100040001\", \"depth\": 4, \"numchild\": 0, \"title\": \"Grzegorz Herman\", \"title_en\": \"Grzegorz Herman\", \"title_pl\": \"Grzegorz Herman\", \"draft_title\": \"Grzegorz Herman\", \"slug\": \"grzegorz-herman\", \"slug_en\": \"grzegorz-herman\", \"slug_pl\": \"grzegorz-herman\", \"content_type\": 30, \"live\": true, \"has_unpublished_changes\": false, \"url_path\": \"/home/speakers/grzegorz-herman/\", \"url_path_en\": \"/home/speakers/grzegorz-herman/\", \"url_path_pl\": \"/home/prelegenci/grzegorz-herman/\", \"owner\": 1, \"seo_title\": \"\", \"seo_title_en\": null, \"seo_title_pl\": null, \"show_in_menus\": false, \"search_description\": \"\", \"search_description_en\": \"\", \"search_description_pl\": \"\", \"go_live_at\": null, \"expire_at\": null, \"expired\": false, \"locked\": false, \"locked_at\": null, \"locked_by\": null, \"first_published_at\": null, \"last_published_at\": null, \"latest_revision_created_at\": null, \"live_revision\": null, \"featured_image\": null, \"content\": \"<p>Grzegorz Herman, krakowianin, absolwent V LO i Uniwersytetu Jagiello\\u0144skiego, swoje zainteresowania naukowe wi\\u0105za\\u0142 pierwotnie ze z\\u0142o\\u017cono\\u015bci\\u0105 obliczeniow\\u0105. Po uzyskaniu doktoratu na McMaster University wr\\u00f3ci\\u0142 na sw\\u00f3j rodzimy Wydzia\\u0142. Obecnie interesuje si\\u0119 przede wszystkim j\\u0119zykami programowania i kompilatorami oraz szeroko poj\\u0119t\\u0105 algorytmik\\u0105. Pracuje nad najszybszym na \\u015bwiecie parserem uog\\u00f3lnionym oraz (na razie niepublicznie) przynajmniej dwoma nowymi j\\u0119zykami. Prywatnie cieszy si\\u0119 \\u017cyciem rodzinnym i \\u015bpiewa w kameralnym zespole muzyki renesansowej.</p><h3>Questions</h3><h4><b>What advice would you give to 19-year-old self?</b></h4><p>Nie b\\u00f3j si\\u0119 zmienia\\u0107 zainteresowa\\u0144 naukowych.</p><h4><b>Development of which technologies in last years surprised you the most?</b></h4><p>Chyba \\u017cadnych \\u2013 mo\\u017ce dlatego, \\u017ce nie mia\\u0142em wzgl\\u0119dem technologii \\u017cadnych szczeg\\u00f3lnych predykcji czy oczekiwa\\u0144.</p><h4><b>What are your greatest failures?</b></h4><p>Pr\\u00f3ba prowadzenia w\\u0142asnej firmy w bran\\u017cy IT.</p>\", \"content_en\": \"<p>Grzegorz Herman, krakowianin, absolwent V LO i Uniwersytetu Jagiello\\u0144skiego, swoje zainteresowania naukowe wi\\u0105za\\u0142 pierwotnie ze z\\u0142o\\u017cono\\u015bci\\u0105 obliczeniow\\u0105. Po uzyskaniu doktoratu na McMaster University wr\\u00f3ci\\u0142 na sw\\u00f3j rodzimy Wydzia\\u0142. Obecnie interesuje si\\u0119 przede wszystkim j\\u0119zykami programowania i kompilatorami oraz szeroko poj\\u0119t\\u0105 algorytmik\\u0105. Pracuje nad najszybszym na \\u015bwiecie parserem uog\\u00f3lnionym oraz (na razie niepublicznie) przynajmniej dwoma nowymi j\\u0119zykami. Prywatnie cieszy si\\u0119 \\u017cyciem rodzinnym i \\u015bpiewa w kameralnym zespole muzyki renesansowej.</p><h3>Questions</h3><h4><b>What advice would you give to 19-year-old self?</b></h4><p>Nie b\\u00f3j si\\u0119 zmienia\\u0107 zainteresowa\\u0144 naukowych.</p><h4><b>Development of which technologies in last years surprised you the most?</b></h4><p>Chyba \\u017cadnych \\u2013 mo\\u017ce dlatego, \\u017ce nie mia\\u0142em wzgl\\u0119dem technologii \\u017cadnych szczeg\\u00f3lnych predykcji czy oczekiwa\\u0144.</p><h4><b>What are your greatest failures?</b></h4><p>Pr\\u00f3ba prowadzenia w\\u0142asnej firmy w bran\\u017cy IT.</p>\", \"content_pl\": \"<p>Grzegorz Herman, krakowianin, absolwent V LO i Uniwersytetu Jagiello\\u0144skiego, swoje zainteresowania naukowe wi\\u0105za\\u0142 pierwotnie ze z\\u0142o\\u017cono\\u015bci\\u0105 obliczeniow\\u0105. Po uzyskaniu doktoratu na McMaster University wr\\u00f3ci\\u0142 na sw\\u00f3j rodzimy Wydzia\\u0142. Obecnie interesuje si\\u0119 przede wszystkim j\\u0119zykami programowania i kompilatorami oraz szeroko poj\\u0119t\\u0105 algorytmik\\u0105. Pracuje nad najszybszym na \\u015bwiecie parserem uog\\u00f3lnionym oraz (na razie niepublicznie) przynajmniej dwoma nowymi j\\u0119zykami. Prywatnie cieszy si\\u0119 \\u017cyciem rodzinnym i \\u015bpiewa w kameralnym zespole muzyki renesansowej.</p><h3>Pytania</h3><h4><b>Jak\\u0105 rad\\u0119 da\\u0142by\\u015b 19-letniemu sobie?</b></h4><p>Nie b\\u00f3j si\\u0119 zmienia\\u0107 zainteresowa\\u0144 naukowych.</p><h4><b>Rozw\\u00f3j jakich technologii ostatnich lat najbardziej ci\\u0119 zadziwi\\u0142?</b><br/></h4><p>Chyba \\u017cadnych \\u2013 mo\\u017ce dlatego, \\u017ce nie mia\\u0142em wzgl\\u0119dem technologii \\u017cadnych szczeg\\u00f3lnych predykcji czy oczekiwa\\u0144.</p><h4><b>Jakie s\\u0105 twoje najwi\\u0119ksze pora\\u017cki?</b></h4><p>Pr\\u00f3ba prowadzenia w\\u0142asnej firmy w bran\\u017cy IT.</p>\"}",
    "approved_go_live_at": null
  }
},
{
  "model": "wagtailcore.pagerevision",
  "pk": 12,
  "fields": {
    "page": 13,
    "submitted_for_moderation": false,
    "created_at": "2020-05-04T18:02:48.902Z",
    "user": 1,
    "content_json": "{\"pk\": 13, \"path\": \"0001000100040002\", \"depth\": 4, \"numchild\": 0, \"title\": \"Pavel Veller\", \"title_en\": \"Pavel Veller\", \"title_pl\": \"Pavel Veller\", \"draft_title\": \"Pavel Veller\", \"slug\": \"pavel-veller\", \"slug_en\": \"pavel-veller\", \"slug_pl\": \"pavel-veller\", \"content_type\": 30, \"live\": true, \"has_unpublished_changes\": false, \"url_path\": \"/home/speakers/pavel-veller/\", \"url_path_en\": \"/home/speakers/pavel-veller/\", \"url_path_pl\": \"/home/prelegenci/pavel-veller/\", \"owner\": 1, \"seo_title\": \"\", \"seo_title_en\": null, \"seo_title_pl\": null, \"show_in_menus\": false, \"search_description\": \"\", \"search_description_en\": \"\", \"search_description_pl\": \"\", \"go_live_at\": null, \"expire_at\": null, \"expired\": false, \"locked\": false, \"locked_at\": null, \"locked_by\": null, \"first_published_at\": null, \"last_published_at\": null, \"latest_revision_created_at\": null, \"live_revision\": null, \"featured_image\": null, \"content\": \"<p>Pavel is a polyglot technologist with 20 years of diverse experience building and releasing complex software systems and products for the web using Java, C#, Ruby, JavaScript and everything in between. At EPAM Systems Pavel is driving digital technology innovations and R&amp;D aimed at helping EPAM\\u2019s customers with their digital transformation efforts.</p><h3>Questions</h3><h4><b>What would you say to your 19-year-old self?</b></h4><p>I would say nothing \\ud83d\\ude0a Life is the best puzzle there is and each one of us has their own unique edition. Enjoy solving it! I wouldn\\u2019t want my 60 years old self to spoil the next 20 years of solving the puzzle for me.</p><h4><b>Why did you decide to become a programmer?</b></h4><p>I almost did not! I don\\u2019t have a computer science degree. I got into programming in high school thanks to a friend of mine. My programming was on and off throughout the university. I almost started a very different job after I graduated. Thanks to that same friend of mine and my at the time fluent German, I instead joined a software company who needed someone who could program and read specifications in German \\ud83d\\ude0a It\\u2019s only then when I really fell in love with software engineering. The rest is history.</p><h4><b>What is your favorite OS?</b></h4><p>OS is an instrument. I don\\u2019t have a particular allegiance. I was on Windows for a long time. Tried switching to Ubuntu but it didn\\u2019t stick because I needed a full functional Office. Switched to Mac OS when I needed to build for iOS and when I got into node.js and all things CLI. I am a Mac user now but am ready to switch back to Windows now that their terminal runs Linux natively.</p>\", \"content_en\": \"<p>Pavel is a polyglot technologist with 20 years of diverse experience building and releasing complex software systems and products for the web using Java, C#, Ruby, JavaScript and everything in between. At EPAM Systems Pavel is driving digital technology innovations and R&amp;D aimed at helping EPAM\\u2019s customers with their digital transformation efforts.</p><h3>Questions</h3><h4><b>What would you say to your 19-year-old self?</b></h4><p>I would say nothing \\ud83d\\ude0a Life is the best puzzle there is and each one of us has their own unique edition. Enjoy solving it! I wouldn\\u2019t want my 60 years old self to spoil the next 20 years of solving the puzzle for me.</p><h4><b>Why did you decide to become a programmer?</b></h4><p>I almost did not! I don\\u2019t have a computer science degree. I got into programming in high school thanks to a friend of mine. My programming was on and off throughout the university. I almost started a very different job after I graduated. Thanks to that same friend of mine and my at the time fluent German, I instead joined a software company who needed someone who could program and read specifications in German \\ud83d\\ude0a It\\u2019s only then when I really fell in love with software engineering. The rest is history.</p><h4><b>What is your favorite OS?</b></h4><p>OS is an instrument. I don\\u2019t have a particular allegiance. I was on Windows for a long time. Tried switching to Ubuntu but it didn\\u2019t stick because I needed a full functional Office. Switched to Mac OS when I needed to build for iOS and when I got into node.js and all things CLI. I am a Mac user now but am ready to switch back to Windows now that their terminal runs Linux natively.</p>\", \"content_pl\": \"<p>Pavel jest technologiem poliglot\\u0105 z 20-letnim do\\u015bwiadczeniem w budowaniu i wypuszczaniu na rynek z\\u0142o\\u017conych system\\u00f3w oprogramowania i produkt\\u00f3w dla sieci przy u\\u017cyciu Java, C#, Ruby, JavaScript i wszystkiego innego. W EPAM Systems Pavel nap\\u0119dza innowacje w zakresie technologii cyfrowych oraz prace badawczo-rozwojowe maj\\u0105ce na celu pomoc klientom EPAM w ich pracy nad przekszta\\u0142ceniami cyfrowymi.</p><h3>Pytania</h3><h4><b>Jak\\u0105 porad\\u0119 da\\u0142by\\u015b 19-letniemu sobie?</b></h4><p>Nie powiedzia\\u0142bym nic \\ud83d\\ude0a. \\u017bycie jest najlepsz\\u0105 zagadk\\u0105, jaka istnieje i ka\\u017cdy z nas ma swoje w\\u0142asne, niepowtarzalne wydanie. Ciesz si\\u0119, \\u017ce mo\\u017cesz j\\u0105 rozwi\\u0105zywa\\u0107! Nie chcia\\u0142bym, aby moje 60 letnie ja zepsu\\u0142o mi kolejne 20 lat rozwi\\u0105zywania zagadki.</p><h4><b>Dlaczego zdecydowa\\u0142e\\u015b/a\\u015b si\\u0119 na zostanie programist\\u0105?</b></h4><p>Prawie nim nie zosta\\u0142em! Nie mam dyplomu z informatyki. Nauk\\u0119 programowania rozpocz\\u0105\\u0142em w liceum dzi\\u0119ki mojemu przyjacielowi. Moje programowanie by\\u0142o bardzo nieregularne podczas studi\\u00f3w i po ich uko\\u0144czeniu prawie zacz\\u0105\\u0142em zupe\\u0142nie inn\\u0105 prac\\u0119. Dzi\\u0119ki w\\u0142a\\u015bnie mojemu przyjacielowi i mojej \\u00f3wczesnej bieg\\u0142ej znajomo\\u015bci j\\u0119zyka niemieckiego do\\u0142\\u0105czy\\u0142em do firmy zajmuj\\u0105cej si\\u0119 oprogramowaniem, kt\\u00f3ra potrzebowa\\u0142a kogo\\u015b kto potrafi\\u0142by programowa\\u0107 i czyta\\u0107 specyfikacje w j\\u0119zyku niemieckim \\ud83d\\ude0a. Dopiero wtedy naprawd\\u0119 zakocha\\u0142em si\\u0119 w in\\u017cynierii oprogramowania. Reszta to ju\\u017c historia.</p><h4><b>Ulubiony OS?</b></h4><p>OS jest instrumentem. Nie mam szczeg\\u00f3lnej sympatii do \\u017cadnego z nich. By\\u0142em na Windowsie przez d\\u0142ugi czas. Pr\\u00f3bowa\\u0142em prze\\u0142\\u0105czy\\u0107 si\\u0119 na Ubuntu, ale nie zadzia\\u0142a\\u0142o, bo potrzebowa\\u0142em w pe\\u0142ni funkcjonalnego Biura. Prze\\u0142\\u0105czy\\u0142em si\\u0119 na Mac OS, kiedy musia\\u0142em budowa\\u0107 na iOS i kiedy dosta\\u0142em si\\u0119 do node.js and all things CLI. Jestem teraz u\\u017cytkownikiem komputera Mac, ale jestem gotowy do prze\\u0142\\u0105czenia si\\u0119 z powrotem na Windows teraz, gdy ich terminal dzia\\u0142a automatycznie na Linuksie.</p>\"}",
    "approved_go_live_at": null
  }
},
{
  "model": "wagtailcore.pagerevision",
  "pk": 13,
  "fields": {
    "page": 14,
    "submitted_for_moderation": false,
    "created_at": "2020-05-04T18:04:34.339Z",
    "user": 1,
    "content_json": "{\"pk\": 14, \"path\": \"000100010005\", \"depth\": 3, \"numchild\": 0, \"title\": \"Edition\", \"title_en\": \"Edition\", \"title_pl\": \"Edycje\", \"draft_title\": \"Edition\", \"slug\": \"edition\", \"slug_en\": \"edition\", \"slug_pl\": \"edycje\", \"content_type\": 32, \"live\": true, \"has_unpublished_changes\": false, \"url_path\": \"/home/edition/\", \"url_path_en\": \"/home/edition/\", \"url_path_pl\": \"/home/edycje/\", \"owner\": 1, \"seo_title\": \"\", \"seo_title_en\": null, \"seo_title_pl\": null, \"show_in_menus\": false, \"search_description\": \"\", \"search_description_en\": \"\", \"search_description_pl\": \"\", \"go_live_at\": null, \"expire_at\": null, \"expired\": false, \"locked\": false, \"locked_at\": null, \"locked_by\": null, \"first_published_at\": null, \"last_published_at\": null, \"latest_revision_created_at\": null, \"live_revision\": null, \"featured_image\": null}",
    "approved_go_live_at": null
  }
},
{
  "model": "wagtailcore.pagerevision",
  "pk": 14,
  "fields": {
    "page": 15,
    "submitted_for_moderation": false,
    "created_at": "2020-05-04T18:05:16.794Z",
    "user": 1,
    "content_json": "{\"pk\": 15, \"path\": \"0001000100050001\", \"depth\": 4, \"numchild\": 0, \"title\": \"16\", \"title_en\": \"16\", \"title_pl\": \"16\", \"draft_title\": \"16\", \"slug\": \"16\", \"slug_en\": \"16\", \"slug_pl\": \"16\", \"content_type\": 33, \"live\": true, \"has_unpublished_changes\": false, \"url_path\": \"/home/edition/16/\", \"url_path_en\": \"/home/edition/16/\", \"url_path_pl\": \"/home/edycje/16/\", \"owner\": 1, \"seo_title\": \"\", \"seo_title_en\": null, \"seo_title_pl\": null, \"show_in_menus\": false, \"search_description\": \"\", \"search_description_en\": \"\", \"search_description_pl\": \"\", \"go_live_at\": null, \"expire_at\": null, \"expired\": false, \"locked\": false, \"locked_at\": null, \"locked_by\": null, \"first_published_at\": null, \"last_published_at\": null, \"latest_revision_created_at\": null, \"live_revision\": null, \"featured_image\": null, \"start_date\": \"2020-05-21T18:04:00Z\", \"end_date\": \"2020-05-23T18:05:00Z\"}",
    "approved_go_live_at": null
  }
},
{
  "model": "wagtailcore.pagerevision",
  "pk": 15,
  "fields": {
    "page": 16,
    "submitted_for_moderation": false,
    "created_at": "2020-05-04T18:05:39.051Z",
    "user": 1,
    "content_json": "{\"pk\": 16, \"path\": \"00010001000500010001\", \"depth\": 5, \"numchild\": 0, \"title\": \"Paths\", \"title_en\": \"Paths\", \"title_pl\": \"\\u015aciezki\", \"draft_title\": \"Paths\", \"slug\": \"paths\", \"slug_en\": \"paths\", \"slug_pl\": \"sciezki\", \"content_type\": 34, \"live\": true, \"has_unpublished_changes\": false, \"url_path\": \"/home/edition/16/paths/\", \"url_path_en\": \"/home/edition/16/paths/\", \"url_path_pl\": \"/home/edycje/16/sciezki/\", \"owner\": 1, \"seo_title\": \"\", \"seo_title_en\": null, \"seo_title_pl\": null, \"show_in_menus\": false, \"search_description\": \"\", \"search_description_en\": \"\", \"search_description_pl\": \"\", \"go_live_at\": null, \"expire_at\": null, \"expired\": false, \"locked\": false, \"locked_at\": null, \"locked_by\": null, \"first_published_at\": null, \"last_published_at\": null, \"latest_revision_created_at\": null, \"live_revision\": null, \"featured_image\": null}",
    "approved_go_live_at": null
  }
},
{
  "model": "wagtailcore.pagerevision",
  "pk": 16,
  "fields": {
    "page": 17,
    "submitted_for_moderation": false,
    "created_at": "2020-05-04T18:06:16.987Z",
    "user": 1,
    "content_json": "{\"pk\": 17, \"path\": \"000100010005000100010001\", \"depth\": 6, \"numchild\": 0, \"title\": \"AI\", \"title_en\": \"AI\", \"title_pl\": \"Sztuczna Inteligencja\", \"draft_title\": \"AI\", \"slug\": \"ai\", \"slug_en\": \"ai\", \"slug_pl\": \"sztuczna-inteligencja\", \"content_type\": 29, \"live\": true, \"has_unpublished_changes\": false, \"url_path\": \"/home/edition/16/paths/ai/\", \"url_path_en\": \"/home/edition/16/paths/ai/\", \"url_path_pl\": \"/home/edycje/16/sciezki/sztuczna-inteligencja/\", \"owner\": 1, \"seo_title\": \"\", \"seo_title_en\": null, \"seo_title_pl\": null, \"show_in_menus\": false, \"search_description\": \"\", \"search_description_en\": \"\", \"search_description_pl\": \"\", \"go_live_at\": null, \"expire_at\": null, \"expired\": false, \"locked\": false, \"locked_at\": null, \"locked_by\": null, \"first_published_at\": null, \"last_published_at\": null, \"latest_revision_created_at\": null, \"live_revision\": null, \"featured_image\": null, \"icon\": \"robot\", \"color\": \"#ff0036\"}",
    "approved_go_live_at": null
  }
},
{
  "model": "wagtailcore.pagerevision",
  "pk": 17,
  "fields": {
    "page": 18,
    "submitted_for_moderation": false,
    "created_at": "2020-05-04T18:06:50.149Z",
    "user": 1,
    "content_json": "{\"pk\": 18, \"path\": \"000100010005000100010002\", \"depth\": 6, \"numchild\": 0, \"title\": \"Software development\", \"title_en\": \"Software development\", \"title_pl\": \"Programowanie\", \"draft_title\": \"Software development\", \"slug\": \"software-development\", \"slug_en\": \"software-development\", \"slug_pl\": \"programowanie\", \"content_type\": 29, \"live\": true, \"has_unpublished_changes\": false, \"url_path\": \"/home/edition/16/paths/software-development/\", \"url_path_en\": \"/home/edition/16/paths/software-development/\", \"url_path_pl\": \"/home/edycje/16/sciezki/programowanie/\", \"owner\": 1, \"seo_title\": \"\", \"seo_title_en\": null, \"seo_title_pl\": null, \"show_in_menus\": false, \"search_description\": \"\", \"search_description_en\": \"\", \"search_description_pl\": \"\", \"go_live_at\": null, \"expire_at\": null, \"expired\": false, \"locked\": false, \"locked_at\": null, \"locked_by\": null, \"first_published_at\": null, \"last_published_at\": null, \"latest_revision_created_at\": null, \"live_revision\": null, \"featured_image\": null, \"icon\": \"code-branch\", \"color\": \"#3dd526\"}",
    "approved_go_live_at": null
  }
},
{
  "model": "wagtailcore.pagerevision",
  "pk": 18,
  "fields": {
    "page": 19,
    "submitted_for_moderation": false,
    "created_at": "2020-05-04T18:07:24.186Z",
    "user": 1,
    "content_json": "{\"pk\": 19, \"path\": \"00010001000500010002\", \"depth\": 5, \"numchild\": 0, \"title\": \"Events\", \"title_en\": \"Events\", \"title_pl\": \"Wydarzenia\", \"draft_title\": \"Events\", \"slug\": \"events\", \"slug_en\": \"events\", \"slug_pl\": \"wydarzenia\", \"content_type\": 35, \"live\": true, \"has_unpublished_changes\": false, \"url_path\": \"/home/edition/16/events/\", \"url_path_en\": \"/home/edition/16/events/\", \"url_path_pl\": \"/home/edycje/16/wydarzenia/\", \"owner\": 1, \"seo_title\": \"\", \"seo_title_en\": null, \"seo_title_pl\": null, \"show_in_menus\": false, \"search_description\": \"\", \"search_description_en\": \"\", \"search_description_pl\": \"\", \"go_live_at\": null, \"expire_at\": null, \"expired\": false, \"locked\": false, \"locked_at\": null, \"locked_by\": null, \"first_published_at\": null, \"last_published_at\": null, \"latest_revision_created_at\": null, \"live_revision\": null, \"featured_image\": null}",
    "approved_go_live_at": null
  }
},
{
  "model": "wagtailcore.pagerevision",
  "pk": 19,
  "fields": {
    "page": 20,
    "submitted_for_moderation": false,
    "created_at": "2020-05-04T18:15:00.055Z",
    "user": 1,
    "content_json": "{\"pk\": 20, \"path\": \"000100010005000100020001\", \"depth\": 6, \"numchild\": 0, \"title\": \"O warto\\u015bci j\\u0119zyka\", \"title_en\": \"O warto\\u015bci j\\u0119zyka\", \"title_pl\": \"O warto\\u015bci j\\u0119zyka\", \"draft_title\": \"O warto\\u015bci j\\u0119zyka\", \"slug\": \"o-wartosci-jezyka\", \"slug_en\": \"o-wartosci-jezyka\", \"slug_pl\": \"o-wartosci-jezyka\", \"content_type\": 31, \"live\": true, \"has_unpublished_changes\": false, \"url_path\": \"/home/edition/16/events/o-wartosci-jezyka/\", \"url_path_en\": \"/home/edition/16/events/o-wartosci-jezyka/\", \"url_path_pl\": \"/home/edycje/16/wydarzenia/o-wartosci-jezyka/\", \"owner\": 1, \"seo_title\": \"\", \"seo_title_en\": null, \"seo_title_pl\": null, \"show_in_menus\": false, \"search_description\": \"\", \"search_description_en\": \"\", \"search_description_pl\": \"\", \"go_live_at\": null, \"expire_at\": null, \"expired\": false, \"locked\": false, \"locked_at\": null, \"locked_by\": null, \"first_published_at\": null, \"last_published_at\": null, \"latest_revision_created_at\": null, \"live_revision\": null, \"featured_image\": null, \"content\": \"<p>Czy stworzy\\u0142e\\u015b ju\\u017c w\\u0142asny j\\u0119zyk programowania? Je\\u017celi nie, najwy\\u017cszy czas zacz\\u0105\\u0107! W ramach wyk\\u0142adu otwieraj\\u0105cego 16. SFI postaram si\\u0119 przekona\\u0107 Ci\\u0119, \\u017ce \\u2013 mimo znikomej szansy biznesowego powodzenia takiego przedsi\\u0119wzi\\u0119cia \\u2013 naprawd\\u0119 warto! Dowiesz si\\u0119 od czego zacz\\u0105\\u0107 oraz poznasz techniki i narz\\u0119dzia redukuj\\u0105ce (nieco) stopie\\u0144 komplikacji ca\\u0142ego zadania. Opowiem te\\u017c o kilku zwi\\u0105zanych z j\\u0119zykami programowania problemach, zamkni\\u0119tych zdawa\\u0142oby si\\u0119 od ponad 50 lat, a mimo to wci\\u0105\\u017c domagaj\\u0105cych si\\u0119 nowych rozwi\\u0105za\\u0144.</p>\", \"content_en\": \"<p>Czy stworzy\\u0142e\\u015b ju\\u017c w\\u0142asny j\\u0119zyk programowania? Je\\u017celi nie, najwy\\u017cszy czas zacz\\u0105\\u0107! W ramach wyk\\u0142adu otwieraj\\u0105cego 16. SFI postaram si\\u0119 przekona\\u0107 Ci\\u0119, \\u017ce \\u2013 mimo znikomej szansy biznesowego powodzenia takiego przedsi\\u0119wzi\\u0119cia \\u2013 naprawd\\u0119 warto! Dowiesz si\\u0119 od czego zacz\\u0105\\u0107 oraz poznasz techniki i narz\\u0119dzia redukuj\\u0105ce (nieco) stopie\\u0144 komplikacji ca\\u0142ego zadania. Opowiem te\\u017c o kilku zwi\\u0105zanych z j\\u0119zykami programowania problemach, zamkni\\u0119tych zdawa\\u0142oby si\\u0119 od ponad 50 lat, a mimo to wci\\u0105\\u017c domagaj\\u0105cych si\\u0119 nowych rozwi\\u0105za\\u0144.</p>\", \"content_pl\": \"<p>Czy stworzy\\u0142e\\u015b ju\\u017c w\\u0142asny j\\u0119zyk programowania? Je\\u017celi nie, najwy\\u017cszy czas zacz\\u0105\\u0107! W ramach wyk\\u0142adu otwieraj\\u0105cego 16. SFI postaram si\\u0119 przekona\\u0107 Ci\\u0119, \\u017ce \\u2013 mimo znikomej szansy biznesowego powodzenia takiego przedsi\\u0119wzi\\u0119cia \\u2013 naprawd\\u0119 warto! Dowiesz si\\u0119 od czego zacz\\u0105\\u0107 oraz poznasz techniki i narz\\u0119dzia redukuj\\u0105ce (nieco) stopie\\u0144 komplikacji ca\\u0142ego zadania. Opowiem te\\u017c o kilku zwi\\u0105zanych z j\\u0119zykami programowania problemach, zamkni\\u0119tych zdawa\\u0142oby si\\u0119 od ponad 50 lat, a mimo to wci\\u0105\\u017c domagaj\\u0105cych si\\u0119 nowych rozwi\\u0105za\\u0144.</p>\", \"date\": \"2020-05-21T19:00:00Z\", \"event_speaker\": 12, \"event_category\": 18}",
    "approved_go_live_at": null
  }
},
{
  "model": "wagtailcore.pagerevision",
  "pk": 20,
  "fields": {
    "page": 21,
    "submitted_for_moderation": false,
    "created_at": "2020-05-04T18:19:08.172Z",
    "user": 1,
    "content_json": "{\"pk\": 21, \"path\": \"000100010005000100020002\", \"depth\": 6, \"numchild\": 0, \"title\": \"Deep dive into natural language understanding and conversational solutions\", \"title_en\": \"Deep dive into natural language understanding and conversational solutions\", \"title_pl\": \"Poznanie rozumienia j\\u0119zyka naturalnego i rozwi\\u0105za\\u0144 konwersacyjnych\", \"draft_title\": \"Deep dive into natural language understanding and conversational solutions\", \"slug\": \"deep-dive-natural-language-understanding-and-conversational-solutions\", \"slug_en\": \"deep-dive-natural-language-understanding-and-conversational-solutions\", \"slug_pl\": \"poznanie-rozumienia-jezyka-naturalnego-i-rozwiazan-konwersacyjnych\", \"content_type\": 31, \"live\": true, \"has_unpublished_changes\": false, \"url_path\": \"/home/edition/16/events/deep-dive-natural-language-understanding-and-conversational-solutions/\", \"url_path_en\": \"/home/edition/16/events/deep-dive-natural-language-understanding-and-conversational-solutions/\", \"url_path_pl\": \"/home/edycje/16/wydarzenia/poznanie-rozumienia-jezyka-naturalnego-i-rozwiazan-konwersacyjnych/\", \"owner\": 1, \"seo_title\": \"\", \"seo_title_en\": null, \"seo_title_pl\": null, \"show_in_menus\": false, \"search_description\": \"\", \"search_description_en\": \"\", \"search_description_pl\": \"\", \"go_live_at\": null, \"expire_at\": null, \"expired\": false, \"locked\": false, \"locked_at\": null, \"locked_by\": null, \"first_published_at\": null, \"last_published_at\": null, \"latest_revision_created_at\": null, \"live_revision\": null, \"featured_image\": null, \"content\": \"<p>It\\u2019s easy to get lost in all the hype surrounding the conversational space with different natural language solutions, bot frameworks and platforms, voice assistants and SDKs for them. Let\\u2019s build a bot and get familiar with the modern approach to natural language understanding and programming conversational interfaces. It\\u2019s not hard, it\\u2019s fun, and it\\u2019s totally doable in under an hour.</p>\", \"content_en\": \"<p>It\\u2019s easy to get lost in all the hype surrounding the conversational space with different natural language solutions, bot frameworks and platforms, voice assistants and SDKs for them. Let\\u2019s build a bot and get familiar with the modern approach to natural language understanding and programming conversational interfaces. It\\u2019s not hard, it\\u2019s fun, and it\\u2019s totally doable in under an hour.</p>\", \"content_pl\": \"<p>\\u0141atwo zgubi\\u0107 si\\u0119 w ca\\u0142ym tym szumie wok\\u00f3\\u0142 przestrzeni do rozm\\u00f3w z r\\u00f3\\u017cnymi rozwi\\u0105zaniami j\\u0119zyka naturalnego, ramkami i platformami dla bot\\u00f3w, asystentami g\\u0142osowymi i pakietami SDK dla nich. Zbudujmy bota i zapoznajmy si\\u0119 z nowoczesnym podej\\u015bciem do rozumienia j\\u0119zyka naturalnego i programowania interfejs\\u00f3w konwersacyjnych. To nie jest trudne, ale przyjemne i ca\\u0142kowicie mo\\u017cliwe do zrobienia w mniej ni\\u017c godzin\\u0119.</p>\", \"date\": null, \"event_speaker\": 13, \"event_category\": 17}",
    "approved_go_live_at": null
  }
}
]
